Activity,Type,Start,Finish,Details,,,
Feeding,Bottle,"2025-11-19, 07:55","2025-11-19, 08:25","130ml, formula",,,130
Feeding,Bottle,"2025-11-19, 03:40","2025-11-19, 03:50","120ml, formula",,,120
Sleep,,"2025-11-18, 19:35","2025-11-19, 07:10",Cot,,,Cot
Feeding,Bottle,"2025-11-18, 19:15","2025-11-18, 19:30","220ml, formula",,,220
Feeding,Bottle,"2025-11-18, 17:05","2025-11-18, 17:15","120ml, formula",,,120
Sleep,,"2025-11-18, 14:25","2025-11-18, 15:20",Pram,,,Pram
Feeding,Bottle,"2025-11-18, 13:45","2025-11-18, 14:00","80ml, formula",,,80
Feeding,Bottle,"2025-11-18, 10:10","2025-11-18, 10:20","160ml, formula",,,160
Sleep,,"2025-11-18, 09:20","2025-11-18, 10:00",Cot,,,Cot
Feeding,Bottle,"2025-11-18, 07:00","2025-11-18, 07:30","110ml, formula",,,110
Feeding,Bottle,"2025-11-18, 00:25","2025-11-18, 00:35","90ml, formula",,,90
Sleep,,"2025-11-17, 19:20","2025-11-18, 06:35",Cot,,,Cot
Feeding,Bottle,"2025-11-17, 18:55","2025-11-17, 19:15","160ml, formula",,,160
Feeding,Bottle,"2025-11-17, 17:00","2025-11-17, 17:15","90ml, formula",,,90
Feeding,Bottle,"2025-11-17, 14:40","2025-11-17, 15:35","60ml, formula",,,60
Sleep,,"2025-11-17, 13:15","2025-11-17, 13:55",Car,,,Car
Feeding,Bottle,"2025-11-17, 10:55","2025-11-17, 11:05","80ml, formula",,,80
Sleep,,"2025-11-17, 10:00","2025-11-17, 10:30",Cot,,,Cot
Feeding,Bottle,"2025-11-17, 07:40","2025-11-17, 08:00","90ml, formula",,,90
Feeding,Bottle,"2025-11-17, 04:50","2025-11-17, 05:00","120ml, formula",,,120
Sleep,,"2025-11-16, 20:15","2025-11-17, 07:05",Cot,,,Cot
Feeding,Bottle,"2025-11-16, 19:20","2025-11-16, 19:30","190ml, formula",,,190
Feeding,Bottle,"2025-11-16, 17:30","2025-11-16, 17:35","75ml, formula",,,75
Feeding,Bottle,"2025-11-16, 15:15","2025-11-16, 15:20","70ml, formula",,,70
Sleep,,"2025-11-16, 13:55","2025-11-16, 14:55",Cot,,,Cot
Feeding,Bottle,"2025-11-16, 11:50","2025-11-16, 12:00","120ml, formula",,,120
Sleep,,"2025-11-16, 09:20","2025-11-16, 10:00",Cot,,,Cot
Feeding,Bottle,"2025-11-16, 08:45","2025-11-16, 09:00","130ml, formula",,,130
Feeding,Bottle,"2025-11-16, 05:40","2025-11-16, 06:00","125ml, formula",,,125
Feeding,Bottle,"2025-11-15, 22:55","2025-11-15, 23:05","100ml, formula",,,100
Sleep,,"2025-11-15, 19:35","2025-11-16, 05:30",Cot,,,Cot
Feeding,Bottle,"2025-11-15, 19:20","2025-11-15, 19:30","180ml, formula",,,180
Feeding,Bottle,"2025-11-15, 15:25","2025-11-15, 15:40","130ml, formula",,,130
Sleep,,"2025-11-15, 14:30","2025-11-15, 15:10",Cot,,,Cot
Feeding,Bottle,"2025-11-15, 12:00","2025-11-15, 12:30","140ml, formula",,,140
Feeding,Bottle,"2025-11-15, 10:50","2025-11-15, 10:55","20ml, formula",,,20
Sleep,,"2025-11-15, 09:50","2025-11-15, 10:30",Cot,,,Cot
Feeding,Bottle,"2025-11-15, 07:10","2025-11-15, 07:40","110ml, formula",,,110
Sleep,,"2025-11-14, 19:45","2025-11-15, 07:00",Cot,,,Cot
Feeding,Bottle,"2025-11-14, 19:20","2025-11-14, 19:30","210ml, formula",,,210
Feeding,Bottle,"2025-11-14, 17:15","2025-11-14, 17:45","60ml, formula",,,60
Sleep,,"2025-11-14, 14:55","2025-11-14, 15:25",Cot,,,Cot
Feeding,Bottle,"2025-11-14, 14:00","2025-11-14, 14:15","130ml, formula",,,130
Sleep,,"2025-11-14, 10:10","2025-11-14, 10:50",Cot,,,Cot
Feeding,Bottle,"2025-11-14, 10:00","2025-11-14, 12:00","90ml, formula",,,90
Feeding,Bottle,"2025-11-14, 07:30","2025-11-14, 07:45","100ml, formula",,,100
Feeding,Bottle,"2025-11-14, 00:25","2025-11-14, 00:35","120ml, formula",,,120
Sleep,,"2025-11-13, 20:10","2025-11-14, 07:10",Cot,,,Cot
Feeding,Bottle,"2025-11-13, 20:05","2025-11-13, 20:15","160ml, formula",,,160
Feeding,Bottle,"2025-11-13, 17:20","2025-11-13, 17:30","90ml, formula",,,90
Sleep,,"2025-11-13, 14:45","2025-11-13, 16:10",Cot,,,Cot
Feeding,Bottle,"2025-11-13, 14:05","2025-11-13, 14:30","160ml, formula",,,160
Feeding,Bottle,"2025-11-13, 10:35","2025-11-13, 10:40","110ml, formula",,,110
Sleep,,"2025-11-13, 09:45","2025-11-13, 10:15",Cot,,,Cot
Feeding,Bottle,"2025-11-13, 07:05","2025-11-13, 07:35","80ml, formula",,,80
Feeding,Bottle,"2025-11-13, 02:30","2025-11-13, 02:40","120ml, formula",,,120
Sleep,,"2025-11-12, 20:30","2025-11-13, 06:45",Cot,,,Cot
Feeding,Bottle,"2025-11-12, 19:15","2025-11-12, 19:30","200ml, formula",,,200
Feeding,Bottle,"2025-11-12, 17:00","2025-11-12, 17:15","100ml, formula",,,100
Sleep,,"2025-11-12, 14:00","2025-11-12, 15:50",Cot,,,Cot
Feeding,Bottle,"2025-11-12, 13:50","2025-11-12, 14:00","160ml, formula",,,160
Feeding,Bottle,"2025-11-12, 10:30","2025-11-12, 10:35","120ml, formula",,,120
Sleep,,"2025-11-12, 09:25","2025-11-12, 10:05",Cot,,,Cot
Feeding,Bottle,"2025-11-12, 06:40","2025-11-12, 07:00","130ml, formula",,,130
Feeding,Bottle,"2025-11-12, 03:00","2025-11-12, 03:10","120ml, formula",,,120
Sleep,,"2025-11-11, 20:05","2025-11-12, 06:15",Cot,,,Cot
Feeding,Bottle,"2025-11-11, 19:15","2025-11-11, 19:30","215ml, formula",,,215
Feeding,Bottle,"2025-11-11, 17:15","2025-11-11, 17:30","110ml, formula",,,110
Sleep,,"2025-11-11, 14:05","2025-11-11, 15:55",Cot,,,Cot
Feeding,Bottle,"2025-11-11, 13:55","2025-11-11, 14:00","160ml, formula",,,160
Feeding,Bottle,"2025-11-11, 10:30","2025-11-11, 10:40","140ml, formula",,,140
Sleep,,"2025-11-11, 09:10","2025-11-11, 10:15",Cot,,,Cot
Feeding,Bottle,"2025-11-11, 06:25","2025-11-11, 07:25","130ml, formula",,,130
Sleep,,"2025-11-10, 19:45","2025-11-11, 05:50",Cot,,,Cot
Feeding,Bottle,"2025-11-10, 19:20","2025-11-10, 19:30","230ml, formula",,,230
Feeding,Bottle,"2025-11-10, 17:00","2025-11-10, 17:05","100ml, formula",,,100
Sleep,,"2025-11-10, 14:25","2025-11-10, 15:15",cot,,,cot
Feeding,Bottle,"2025-11-10, 13:50","2025-11-10, 14:00","150ml, formula",,,150
Feeding,Bottle,"2025-11-10, 10:30","2025-11-10, 11:00","130ml, formula",,,130
Sleep,,"2025-11-10, 09:35","2025-11-10, 10:20",cot,,,cot
Feeding,Bottle,"2025-11-10, 07:15","2025-11-10, 07:45","160ml, formula",,,160
Feeding,Bottle,"2025-11-10, 01:00","2025-11-10, 01:34","115ml, formula",,,115
Sleep,,"2025-11-09, 19:50","2025-11-10, 06:50",cot,,,cot
Feeding,Bottle,"2025-11-09, 19:20","2025-11-09, 19:40","220ml, formula",,,220
Feeding,Bottle,"2025-11-09, 17:00","2025-11-09, 17:35","110ml, formula",,,110
Sleep,,"2025-11-09, 14:05","2025-11-09, 15:30",cot,,,cot
Feeding,Bottle,"2025-11-09, 13:50","2025-11-09, 14:00","155ml, formula",,,155
Feeding,Bottle,"2025-11-09, 10:25","2025-11-09, 10:30","100ml, formula",,,100
Sleep,,"2025-11-09, 09:25","2025-11-09, 10:15",cot,,,cot
Feeding,Bottle,"2025-11-09, 07:00","2025-11-09, 07:30","145ml, formula",,,145
Sleep,,"2025-11-08, 19:30","2025-11-09, 06:25",cot,,,cot
Feeding,Bottle,"2025-11-08, 19:15","2025-11-08, 19:25","225ml, formula",,,225
Feeding,Bottle,"2025-11-08, 17:00","2025-11-08, 17:15","90ml, formula",,,90
Sleep,,"2025-11-08, 14:50","2025-11-08, 15:45",car,,,car
Feeding,Bottle,"2025-11-08, 14:00","2025-11-08, 14:23","150ml, formula",,,150
Feeding,Bottle,"2025-11-08, 10:45","2025-11-08, 11:00","150ml, formula",,,150
Sleep,,"2025-11-08, 09:40","2025-11-08, 10:30",cot,,,cot
Feeding,Bottle,"2025-11-08, 07:15","2025-11-08, 07:45","155ml, formula",,,155
Feeding,Bottle,"2025-11-08, 03:05","2025-11-08, 03:15","115ml, formula",,,115
Sleep,,"2025-11-07, 19:25","2025-11-08, 06:35",cot,,,cot
Feeding,Bottle,"2025-11-07, 19:10","2025-11-07, 19:15","135ml, formula",,,135
Feeding,Bottle,"2025-11-07, 16:55","2025-11-07, 17:25","190ml, formula",,,190
Sleep,,"2025-11-07, 13:55","2025-11-07, 14:30",cot,,,cot
Feeding,Bottle,"2025-11-07, 13:50","2025-11-07, 13:55","160ml, formula",,,160
Feeding,Bottle,"2025-11-07, 10:30","2025-11-07, 11:30","85ml, formula",,,85
Sleep,,"2025-11-07, 09:25","2025-11-07, 10:15",cot,,,cot
Feeding,Bottle,"2025-11-07, 07:10","2025-11-07, 07:40","130ml, formula",,,130
Feeding,Bottle,"2025-11-07, 02:30","2025-11-07, 02:35","50ml, formula",,,50
Sleep,,"2025-11-06, 20:15","2025-11-07, 06:30",cot,,,cot
Feeding,Bottle,"2025-11-06, 19:20","2025-11-06, 19:30","220ml, formula",,,220
Feeding,Bottle,"2025-11-06, 15:45","2025-11-06, 15:55","160ml, formula",,,160
Sleep,,"2025-11-06, 14:05","2025-11-06, 15:35",cot,,,cot
Feeding,Bottle,"2025-11-06, 12:05","2025-11-06, 12:15","160ml, formula",,,160
Sleep,,"2025-11-06, 09:10","2025-11-06, 09:55",cot,,,cot
Feeding,Bottle,"2025-11-06, 09:00","2025-11-06, 09:10","120ml, formula",,,120
Feeding,Bottle,"2025-11-06, 06:00","2025-11-06, 06:15","150ml, formula",,,150
Sleep,,"2025-11-05, 19:30","2025-11-06, 06:00",cot,,,cot
Feeding,Bottle,"2025-11-05, 19:20","2025-11-05, 19:30","220ml, formula",,,220
Feeding,Bottle,"2025-11-05, 16:30","2025-11-05, 16:45","160ml, formula",,,160
Sleep,,"2025-11-05, 14:10","2025-11-05, 15:20",cot,,,cot
Feeding,Bottle,"2025-11-05, 13:30","2025-11-05, 13:45","160ml, formula",,,160
Feeding,Bottle,"2025-11-05, 10:25","2025-11-05, 10:50","150ml, formula",,,150
Sleep,,"2025-11-05, 09:35","2025-11-05, 10:20",cot,,,cot
Feeding,Bottle,"2025-11-05, 07:20","2025-11-05, 07:40","125ml, formula",,,125
Feeding,Bottle,"2025-11-05, 02:10","2025-11-05, 02:20","150ml, formula",,,150
Sleep,,"2025-11-04, 19:35","2025-11-05, 06:30",cot,,,cot
Feeding,Bottle,"2025-11-04, 19:15","2025-11-04, 19:25","210ml, formula",,,210
Feeding,Bottle,"2025-11-04, 17:15","2025-11-04, 17:25","80ml, formula",,,80
Sleep,,"2025-11-04, 15:10","2025-11-04, 15:55",pram,,,pram
Feeding,Bottle,"2025-11-04, 14:10","2025-11-04, 14:20","120ml, formula",,,120
Feeding,Bottle,"2025-11-04, 11:10","2025-11-04, 11:20","95ml, formula",,,95
Sleep,,"2025-11-04, 10:20","2025-11-04, 11:05",cot,,,cot
Feeding,Bottle,"2025-11-04, 07:35","2025-11-04, 07:55","160ml, formula",,,160
Feeding,Bottle,"2025-11-04, 01:05","2025-11-04, 01:15","150ml, formula",,,150
Sleep,,"2025-11-03, 19:40","2025-11-04, 07:20",cot,,,cot
Feeding,Bottle,"2025-11-03, 19:20","2025-11-03, 19:30","170ml, formula",,,170
Feeding,Bottle,"2025-11-03, 17:30","2025-11-03, 17:35","120ml, formula",,,120
Sleep,,"2025-11-03, 14:40","2025-11-03, 15:50",cot,,,cot
Feeding,Bottle,"2025-11-03, 14:10","2025-11-03, 14:20","130ml, formula",,,130
Feeding,Bottle,"2025-11-03, 10:35","2025-11-03, 10:40","100ml, formula",,,100
Sleep,,"2025-11-03, 09:45","2025-11-03, 10:20",cot,,,cot
Feeding,Bottle,"2025-11-03, 07:20","2025-11-03, 07:50","135ml, formula",,,135
Feeding,Bottle,"2025-11-03, 02:25","2025-11-03, 02:35","110ml, formula",,,110
Sleep,,"2025-11-02, 19:50","2025-11-03, 06:55",cot,,,cot
Feeding,Bottle,"2025-11-02, 19:25","2025-11-02, 19:35","185ml, formula",,,185
Feeding,Bottle,"2025-11-02, 17:50","2025-11-02, 18:00","160ml, formula",,,160
Sleep,,"2025-11-02, 14:55","2025-11-02, 15:55",cot,,,cot
Feeding,Bottle,"2025-11-02, 14:20","2025-11-02, 14:25","160ml, formula",,,160
Feeding,Bottle,"2025-11-02, 10:50","2025-11-02, 11:00","160ml, formula",,,160
Sleep,,"2025-11-02, 09:50","2025-11-02, 10:40",cot,,,cot
Feeding,Bottle,"2025-11-02, 07:25","2025-11-02, 08:05","155ml, formula",,,155
Feeding,Bottle,"2025-11-02, 03:10","2025-11-02, 03:20","145ml, formula",,,145
Sleep,,"2025-11-01, 19:25","2025-11-02, 06:55",cot,,,cot
Feeding,Bottle,"2025-11-01, 19:10","2025-11-01, 19:20","160ml, formula",,,160
Feeding,Bottle,"2025-11-01, 17:25","2025-11-01, 17:35","160ml, formula",,,160
Feeding,Bottle,"2025-11-01, 14:25","2025-11-01, 14:55","150ml, formula",,,150
Sleep,,"2025-11-01, 12:55","2025-11-01, 13:35",pram,,,pram
Feeding,Bottle,"2025-11-01, 10:25","2025-11-01, 10:35","120ml, formula",,,120
Sleep,,"2025-11-01, 09:40","2025-11-01, 10:15",cot,,,cot
Feeding,Bottle,"2025-11-01, 07:10","2025-11-01, 07:40","145ml, formula",,,145
Feeding,Bottle,"2025-11-01, 01:00","2025-11-01, 01:05","160ml, formula",,,160
Sleep,,"2025-10-31, 19:45","2025-11-01, 06:40",cot,,,cot
Feeding,Bottle,"2025-10-31, 19:15","2025-10-31, 19:30","220ml, formula",,,220
Feeding,Bottle,"2025-10-31, 17:40","2025-10-31, 17:45","50ml, formula",,,50
Sleep,,"2025-10-31, 16:35","2025-10-31, 17:05",cot,,,cot
Feeding,Bottle,"2025-10-31, 14:40","2025-10-31, 14:45","130ml, formula",,,130
Sleep,,"2025-10-31, 12:20","2025-10-31, 12:55",cot,,,cot
Feeding,Bottle,"2025-10-31, 10:45","2025-10-31, 11:45","185ml, formula",,,185
Feeding,Bottle,"2025-10-31, 07:30","2025-10-31, 08:00","125ml, formula",,,125
Feeding,Bottle,"2025-10-31, 02:15","2025-10-31, 02:25","110ml, formula",,,110
Sleep,,"2025-10-30, 19:55","2025-10-31, 07:15",cot,,,cot
Feeding,Bottle,"2025-10-30, 19:25","2025-10-30, 19:40","225ml, formula",,,225
Feeding,Bottle,"2025-10-30, 17:05","2025-10-30, 17:20","110ml, formula",,,110
Sleep,,"2025-10-30, 14:25","2025-10-30, 16:15",cot,,,cot
Feeding,Bottle,"2025-10-30, 14:10","2025-10-30, 14:15","160ml, formula",,,160
Feeding,Bottle,"2025-10-30, 11:10","2025-10-30, 11:20","125ml, formula",,,125
Sleep,,"2025-10-30, 10:20","2025-10-30, 10:50",cot,,,cot
Feeding,Bottle,"2025-10-30, 07:55","2025-10-30, 08:40","125ml, formula",,,125
Feeding,Bottle,"2025-10-30, 04:20","2025-10-30, 04:30","150ml, formula",,,150
Sleep,,"2025-10-29, 19:45","2025-10-30, 07:25",cot,,,cot
Feeding,Bottle,"2025-10-29, 19:20","2025-10-29, 19:35","170ml, formula",,,170
Feeding,Bottle,"2025-10-29, 17:30","2025-10-29, 17:45","120ml, formula",,,120
Sleep,,"2025-10-29, 16:30","2025-10-29, 17:10",pram,,,pram
Feeding,Bottle,"2025-10-29, 14:40","2025-10-29, 15:10","190ml, formula",,,190
Feeding,Bottle,"2025-10-29, 11:25","2025-10-29, 11:30","150ml, formula",,,150
Sleep,,"2025-10-29, 10:05","2025-10-29, 11:20",cot,,,cot
Feeding,Bottle,"2025-10-29, 07:45","2025-10-29, 08:15","120ml, formula",,,120
Feeding,Bottle,"2025-10-28, 23:50","2025-10-28, 23:55","125ml, formula",,,125
Sleep,,"2025-10-28, 19:50","2025-10-29, 07:20",cot,,,cot
Feeding,Bottle,"2025-10-28, 19:15","2025-10-28, 19:30","150ml, formula",,,150
Feeding,Bottle,"2025-10-28, 16:30","2025-10-28, 17:00","120ml, formula",,,120
Sleep,,"2025-10-28, 14:55","2025-10-28, 15:40",cot,,,cot
Feeding,Bottle,"2025-10-28, 13:30","2025-10-28, 14:20","120ml, formula",,,120
Sleep,,"2025-10-28, 09:55","2025-10-28, 10:50",cot,,,cot
Feeding,Bottle,"2025-10-28, 09:20","2025-10-28, 09:25","160ml, formula",,,160
Feeding,Bottle,"2025-10-28, 05:45","2025-10-28, 06:00","150ml, formula",,,150
Sleep,,"2025-10-27, 20:00","2025-10-28, 07:05",cot,,,cot
Feeding,Bottle,"2025-10-27, 19:20","2025-10-27, 19:40","230ml, formula",,,230
Feeding,Bottle,"2025-10-27, 17:10","2025-10-27, 17:20","70ml, formula",,,70
Sleep,,"2025-10-27, 13:45","2025-10-27, 15:05",cot,,,cot
Feeding,Bottle,"2025-10-27, 13:40","2025-10-27, 13:45","160ml, formula",,,160
Feeding,Bottle,"2025-10-27, 10:25","2025-10-27, 10:50","155ml, formula",,,155
Sleep,,"2025-10-27, 09:25","2025-10-27, 10:10",cot,,,cot
Feeding,Bottle,"2025-10-27, 07:20","2025-10-27, 07:50","155ml, formula",,,155
Feeding,Bottle,"2025-10-27, 02:45","2025-10-27, 02:55","120ml, formula",,,120
Sleep,,"2025-10-26, 19:45","2025-10-27, 06:45",cot,,,cot
Feeding,Bottle,"2025-10-26, 19:20","2025-10-26, 19:30","220ml, formula",,,220
Feeding,Bottle,"2025-10-26, 15:40","2025-10-26, 15:55","160ml, formula",,,160
Sleep,,"2025-10-26, 14:10","2025-10-26, 15:30",cot,,,cot
Feeding,Bottle,"2025-10-26, 11:40","2025-10-26, 11:55","180ml, formula",,,180
Sleep,,"2025-10-26, 09:55","2025-10-26, 10:30",cot,,,cot
Feeding,Bottle,"2025-10-26, 07:50","2025-10-26, 08:20","120ml, formula",,,120
Feeding,Bottle,"2025-10-26, 03:10","2025-10-26, 03:20","160ml, formula",,,160
Sleep,,"2025-10-25, 19:50","2025-10-26, 07:20",cot,,,cot
Feeding,Bottle,"2025-10-25, 19:20","2025-10-25, 19:30","170ml, formula",,,170
Feeding,Bottle,"2025-10-25, 17:10","2025-10-25, 17:20","65ml, formula",,,65
Sleep,,"2025-10-25, 14:20","2025-10-25, 15:35",cot,,,cot
Feeding,Bottle,"2025-10-25, 14:10","2025-10-25, 14:20","155ml, formula",,,155
Feeding,Bottle,"2025-10-25, 10:55","2025-10-25, 11:00","160ml, formula",,,160
Sleep,,"2025-10-25, 09:50","2025-10-25, 10:45",cot,,,cot
Feeding,Bottle,"2025-10-25, 07:25","2025-10-25, 07:35","130ml, formula",,,130
Feeding,Bottle,"2025-10-25, 00:45","2025-10-25, 00:55","125ml, formula",,,125
Sleep,,"2025-10-24, 19:35","2025-10-25, 06:55",cot,,,cot
Feeding,Bottle,"2025-10-24, 19:15","2025-10-24, 19:30","200ml, formula",,,200
Feeding,Bottle,"2025-10-24, 17:00","2025-10-24, 17:10","40ml, formula",,,40
Sleep,,"2025-10-24, 15:00","2025-10-24, 15:30",cot,,,cot
Feeding,Bottle,"2025-10-24, 14:30","2025-10-24, 14:35","155ml, formula",,,155
Feeding,Bottle,"2025-10-24, 11:00","2025-10-24, 11:15","90ml, formula",,,90
Sleep,,"2025-10-24, 10:15","2025-10-24, 10:55",cot,,,cot
Feeding,Bottle,"2025-10-24, 08:00","2025-10-24, 08:05","130ml, formula",,,130
Feeding,Bottle,"2025-10-24, 04:45","2025-10-24, 04:55","120ml, formula",,,120
Sleep,,"2025-10-23, 19:50","2025-10-24, 07:30",cot,,,cot
Feeding,Bottle,"2025-10-23, 19:25","2025-10-23, 19:30","200ml, formula",,,200
Feeding,Bottle,"2025-10-23, 16:50","2025-10-23, 17:00","220ml, formula",,,220
Sleep,,"2025-10-23, 13:55","2025-10-23, 14:55",car,,,car
Feeding,Bottle,"2025-10-23, 13:30","2025-10-23, 13:45","120ml, formula",,,120
Feeding,Bottle,"2025-10-23, 10:40","2025-10-23, 10:50","150ml, formula",,,150
Sleep,,"2025-10-23, 09:45","2025-10-23, 10:30",cot,,,cot
Feeding,Bottle,"2025-10-23, 07:25","2025-10-23, 08:05","160ml, formula",,,160
Feeding,Bottle,"2025-10-23, 02:50","2025-10-23, 02:55","160ml, formula",,,160
Sleep,,"2025-10-22, 19:40","2025-10-23, 06:45",cot,,,cot
Feeding,Bottle,"2025-10-22, 19:15","2025-10-22, 19:46","200ml, formula",,,200
Sleep,,"2025-10-22, 16:15","2025-10-22, 17:00",car,,,car
Feeding,Bottle,"2025-10-22, 15:50","2025-10-22, 16:05","100ml, formula",,,100
Feeding,Bottle,"2025-10-22, 12:15","2025-10-22, 12:30","150ml, formula",,,150
Sleep,,"2025-10-22, 10:45","2025-10-22, 11:45",pram,,,pram
Feeding,Bottle,"2025-10-22, 07:40","2025-10-22, 08:13","130ml, formula",,,130
Feeding,Bottle,"2025-10-22, 00:25","2025-10-22, 00:35","150ml, formula",,,150
Sleep,,"2025-10-21, 19:25","2025-10-22, 07:00",cot,,,cot
Feeding,Bottle,"2025-10-21, 19:15","2025-10-21, 19:25","220ml, formula",,,220
Feeding,Bottle,"2025-10-21, 15:15","2025-10-21, 15:45","100ml, formula",,,100
Sleep,,"2025-10-21, 14:35","2025-10-21, 15:10",pram,,,pram
Feeding,Bottle,"2025-10-21, 11:35","2025-10-21, 12:05","200ml, formula",,,200
Sleep,,"2025-10-21, 09:50","2025-10-21, 10:30",cot,,,cot
Feeding,Bottle,"2025-10-21, 07:35","2025-10-21, 08:35","160ml, formula",,,160
Feeding,Bottle,"2025-10-21, 01:40","2025-10-21, 02:40","160ml, formula",,,160
Sleep,,"2025-10-20, 19:35","2025-10-21, 07:05",cot,,,cot
Feeding,Bottle,"2025-10-20, 19:15","2025-10-20, 19:30","190ml, formula",,,190
Feeding,Bottle,"2025-10-20, 16:45","2025-10-20, 17:15","155ml, formula",,,155
Sleep,,"2025-10-20, 13:40","2025-10-20, 15:05",cot,,,cot
Feeding,Bottle,"2025-10-20, 13:30","2025-10-20, 13:35","160ml, formula",,,160
Feeding,Bottle,"2025-10-20, 10:10","2025-10-20, 10:40","145ml, formula",,,145
Sleep,,"2025-10-20, 09:00","2025-10-20, 09:45",cot,,,cot
Feeding,Bottle,"2025-10-20, 06:55","2025-10-20, 07:25","115ml, formula",,,115
Feeding,Bottle,"2025-10-20, 01:30","2025-10-20, 01:45","120ml, formula",,,120
Sleep,,"2025-10-19, 19:20","2025-10-20, 06:30",cot,,,cot
Feeding,Bottle,"2025-10-19, 19:10","2025-10-19, 19:20","200ml, formula",,,200
Feeding,Bottle,"2025-10-19, 16:35","2025-10-19, 16:45","50ml, formula",,,50
Feeding,Bottle,"2025-10-19, 14:50","2025-10-19, 15:00","85ml, formula",,,85
Sleep,,"2025-10-19, 13:55","2025-10-19, 14:30",cot,,,cot
Feeding,Bottle,"2025-10-19, 11:45","2025-10-19, 11:55","190ml, formula",,,190
Sleep,,"2025-10-19, 09:40","2025-10-19, 10:15",cot,,,cot
Feeding,Bottle,"2025-10-19, 07:35","2025-10-19, 08:15","100ml, formula",,,100
Feeding,Bottle,"2025-10-19, 03:40","2025-10-19, 03:45","120ml, formula",,,120
Sleep,,"2025-10-18, 19:35","2025-10-19, 07:00",cot,,,cot
Feeding,Bottle,"2025-10-18, 19:20","2025-10-18, 19:30","200ml, formula",,,200
Feeding,Bottle,"2025-10-18, 17:05","2025-10-18, 17:10","110ml, formula",,,110
Sleep,,"2025-10-18, 14:10","2025-10-18, 15:05",cot,,,cot
Feeding,Bottle,"2025-10-18, 13:50","2025-10-18, 14:00","145ml, formula",,,145
Feeding,Bottle,"2025-10-18, 10:30","2025-10-18, 11:00","110ml, formula",,,110
Sleep,,"2025-10-18, 09:35","2025-10-18, 10:10",cot,,,cot
Feeding,Bottle,"2025-10-18, 07:15","2025-10-18, 07:45","160ml, formula",,,160
Feeding,Bottle,"2025-10-18, 01:15","2025-10-18, 01:25","120ml, formula",,,120
Sleep,,"2025-10-17, 19:15","2025-10-18, 06:45",cot,,,cot
Feeding,Bottle,"2025-10-17, 19:10","2025-10-17, 19:20","170ml, formula",,,170
Feeding,Bottle,"2025-10-17, 14:55","2025-10-17, 15:25","150ml, formula",,,150
Sleep,,"2025-10-17, 13:55","2025-10-17, 14:50",car,,,car
Feeding,Bottle,"2025-10-17, 10:55","2025-10-17, 12:45","100ml, formula",,,100
Sleep,,"2025-10-17, 09:55","2025-10-17, 10:35",cot,,,cot
Feeding,Bottle,"2025-10-17, 07:50","2025-10-17, 08:20","160ml, formula",,,160
Feeding,Bottle,"2025-10-16, 23:15","2025-10-16, 23:20","100ml, formula",,,100
Sleep,,"2025-10-16, 19:25","2025-10-17, 07:15",cot,,,cot
Feeding,Bottle,"2025-10-16, 19:10","2025-10-16, 19:20","210ml, formula",,,210
Feeding,Bottle,"2025-10-16, 17:10","2025-10-16, 17:30","45ml, formula",,,45
Feeding,Bottle,"2025-10-16, 14:50","2025-10-16, 15:00","100ml, formula",,,100
Sleep,,"2025-10-16, 13:55","2025-10-16, 14:45",pram,,,pram
Feeding,Bottle,"2025-10-16, 10:50","2025-10-16, 11:20","110ml, formula",,,110
Sleep,,"2025-10-16, 09:40","2025-10-16, 10:20",cot,,,cot
Feeding,Bottle,"2025-10-16, 07:15","2025-10-16, 07:45","160ml, formula",,,160
Feeding,Bottle,"2025-10-16, 02:10","2025-10-16, 02:20","120ml, formula",,,120
Sleep,,"2025-10-15, 19:50","2025-10-16, 06:45",cot,,,cot
Feeding,Bottle,"2025-10-15, 19:25","2025-10-15, 19:45","200ml, formula",,,200
Feeding,Bottle,"2025-10-15, 17:05","2025-10-15, 17:35","60ml, formula",,,60
Sleep,,"2025-10-15, 14:35","2025-10-15, 15:15",cot,,,cot
Feeding,Bottle,"2025-10-15, 14:00","2025-10-15, 14:15","140ml, formula",,,140
Feeding,Bottle,"2025-10-15, 10:50","2025-10-15, 11:20","120ml, formula",,,120
Sleep,,"2025-10-15, 09:45","2025-10-15, 10:30",cot,,,cot
Feeding,Bottle,"2025-10-15, 07:20","2025-10-15, 07:50","140ml, formula",,,140
Feeding,Bottle,"2025-10-15, 02:35","2025-10-15, 02:45","160ml, formula",,,160
Sleep,,"2025-10-14, 19:35","2025-10-15, 07:00",cot,,,cot
Feeding,Bottle,"2025-10-14, 19:20","2025-10-14, 19:30","225ml, formula",,,225
Feeding,Bottle,"2025-10-14, 16:15","2025-10-14, 16:30","100ml, formula",,,100
Sleep,,"2025-10-14, 13:55","2025-10-14, 14:35",cot,,,cot
Feeding,Bottle,"2025-10-14, 13:15","2025-10-14, 13:30","150ml, formula",,,150
Feeding,Bottle,"2025-10-14, 10:15","2025-10-14, 10:45","150ml, formula",,,150
Sleep,,"2025-10-14, 09:25","2025-10-14, 10:05",cot,,,cot
Feeding,Bottle,"2025-10-14, 07:00","2025-10-14, 07:35","155ml, formula",,,155
Feeding,Bottle,"2025-10-14, 02:35","2025-10-14, 03:00","160ml, formula",,,160
Sleep,,"2025-10-13, 19:35","2025-10-14, 06:40",cot,,,cot
Feeding,Bottle,"2025-10-13, 19:15","2025-10-13, 19:25","200ml, formula",,,200
Feeding,Bottle,"2025-10-13, 16:00","2025-10-13, 16:30","160ml, formula",,,160
Sleep,,"2025-10-13, 14:20","2025-10-13, 15:10",pram,,,pram
Feeding,Bottle,"2025-10-13, 12:40","2025-10-13, 14:10","150ml, formula",,,150
Sleep,,"2025-10-13, 10:10","2025-10-13, 10:50",cot,,,cot
Feeding,Bottle,"2025-10-13, 09:10","2025-10-13, 09:20","160ml, formula",,,160
Feeding,Bottle,"2025-10-13, 06:10","2025-10-13, 06:20","145ml, formula",,,145
Feeding,Bottle,"2025-10-13, 01:15","2025-10-13, 01:20","140ml, formula",,,140
Sleep,,"2025-10-12, 19:30","2025-10-13, 07:20",cot,,,cot
Feeding,Bottle,"2025-10-12, 19:10","2025-10-12, 19:30","195ml, formula",,,195
Feeding,Bottle,"2025-10-12, 16:30","2025-10-12, 16:40","150ml, formula",,,150
Sleep,,"2025-10-12, 14:05","2025-10-12, 14:50",cot,,,cot
Feeding,Bottle,"2025-10-12, 13:20","2025-10-12, 13:25","160ml, formula",,,160
Feeding,Bottle,"2025-10-12, 11:00","2025-10-12, 11:05","140ml, formula",,,140
Sleep,,"2025-10-12, 09:50","2025-10-12, 10:25",cot,,,cot
Feeding,Bottle,"2025-10-12, 07:40","2025-10-12, 08:10","160ml, formula",,,160
Feeding,Bottle,"2025-10-12, 02:35","2025-10-12, 02:45","140ml, formula",,,140
Sleep,,"2025-10-11, 19:15","2025-10-12, 07:15",cot,,,cot
Feeding,Bottle,"2025-10-11, 19:05","2025-10-11, 19:20","150ml, formula",,,150
Feeding,Bottle,"2025-10-11, 16:20","2025-10-11, 17:25","110ml, formula",,,110
Sleep,,"2025-10-11, 13:50","2025-10-11, 14:25",cot,,,cot
Feeding,Bottle,"2025-10-11, 13:10","2025-10-11, 13:30","160ml, formula",,,160
Sleep,,"2025-10-11, 09:40","2025-10-11, 10:40",cot,,,cot
Feeding,Bottle,"2025-10-11, 09:30","2025-10-11, 09:40","160ml, formula",,,160
Feeding,Bottle,"2025-10-11, 07:30","2025-10-11, 08:00","95ml, formula",,,95
Feeding,Bottle,"2025-10-11, 03:00","2025-10-11, 03:10","160ml, formula",,,160
Sleep,,"2025-10-10, 20:10","2025-10-11, 07:15",cot,,,cot
Feeding,Bottle,"2025-10-10, 19:20","2025-10-10, 19:30","230ml, formula",,,230
Sleep,,"2025-10-10, 16:25","2025-10-10, 17:00",pram,,,pram
Feeding,Bottle,"2025-10-10, 16:00","2025-10-10, 17:10","160ml, formula",,,160
Sleep,,"2025-10-10, 12:30","2025-10-10, 13:25",pram,,,pram
Feeding,Bottle,"2025-10-10, 12:15","2025-10-10, 13:45","170ml, formula",,,170
Sleep,,"2025-10-10, 08:40","2025-10-10, 09:20",cot,,,cot
Feeding,Bottle,"2025-10-10, 08:15","2025-10-10, 08:30","140ml, formula",,,140
Feeding,Bottle,"2025-10-10, 06:50","2025-10-10, 07:20","110ml, formula",,,110
Sleep,,"2025-10-09, 19:35","2025-10-10, 06:20",cot,,,cot
Feeding,Bottle,"2025-10-09, 19:20","2025-10-09, 19:30","230ml, formula",,,230
Feeding,Bottle,"2025-10-09, 16:00","2025-10-09, 16:30","160ml, formula",,,160
Sleep,,"2025-10-09, 13:50","2025-10-09, 14:30",pram,,,pram
Feeding,Bottle,"2025-10-09, 13:25","2025-10-09, 13:35","90ml, formula",,,90
Sleep,,"2025-10-09, 10:20","2025-10-09, 10:50",cot,,,cot
Feeding,Bottle,"2025-10-09, 10:10","2025-10-09, 10:20","155ml, formula",,,155
Feeding,Bottle,"2025-10-09, 07:50","2025-10-09, 08:20","100ml, formula",,,100
Feeding,Bottle,"2025-10-09, 02:00","2025-10-09, 02:10","160ml, formula",,,160
Sleep,,"2025-10-08, 19:30","2025-10-09, 07:20",cot,,,cot
Feeding,Bottle,"2025-10-08, 19:15","2025-10-08, 19:30","200ml, formula",,,200
Feeding,Bottle,"2025-10-08, 15:30","2025-10-08, 16:15","130ml, formula",,,130
Sleep,,"2025-10-08, 13:50","2025-10-08, 14:30",pram,,,pram
Feeding,Bottle,"2025-10-08, 11:30","2025-10-08, 11:50","110ml, formula",,,110
Sleep,,"2025-10-08, 10:45","2025-10-08, 11:20",cot,,,cot
Feeding,Bottle,"2025-10-08, 08:20","2025-10-08, 08:40","120ml, formula",,,120
Feeding,Bottle,"2025-10-08, 00:40","2025-10-08, 00:45","70ml, formula",,,70
Sleep,,"2025-10-07, 19:50","2025-10-08, 07:55",cot,,,cot
Feeding,Bottle,"2025-10-07, 19:15","2025-10-07, 19:30","170ml, formula",,,170
Sleep,,"2025-10-07, 17:00","2025-10-07, 17:30",pram,,,pram
Feeding,Bottle,"2025-10-07, 16:15","2025-10-07, 16:45","50ml, formula",,,50
Feeding,Bottle,"2025-10-07, 13:05","2025-10-07, 14:05","90ml, formula",,,90
Sleep,,"2025-10-07, 12:10","2025-10-07, 13:00",pram,,,pram
Feeding,Bottle,"2025-10-07, 10:00","2025-10-07, 11:00","70ml, formula",,,70
Sleep,,"2025-10-07, 08:35","2025-10-07, 09:05",cot,,,cot
Feeding,Bottle,"2025-10-07, 06:10","2025-10-07, 06:40","140ml, formula",,,140
Sleep,,"2025-10-06, 19:45","2025-10-07, 06:00",cot,,,cot
Feeding,Bottle,"2025-10-06, 19:20","2025-10-06, 19:40","210ml, formula",,,210
Feeding,Bottle,"2025-10-06, 17:05","2025-10-06, 17:15","145ml, formula",,,145
Sleep,,"2025-10-06, 16:20","2025-10-06, 16:50",car,,,car
Feeding,Bottle,"2025-10-06, 14:25","2025-10-06, 14:45","140ml, formula",,,140
Sleep,,"2025-10-06, 13:55","2025-10-06, 14:40",pram,,,pram
Feeding,Bottle,"2025-10-06, 10:25","2025-10-06, 10:40","130ml, formula",,,130
Sleep,,"2025-10-06, 09:35","2025-10-06, 10:15",cot,,,cot
Feeding,Bottle,"2025-10-06, 07:10","2025-10-06, 07:30","130ml, formula",,,130
Feeding,Bottle,"2025-10-05, 23:30","2025-10-05, 23:40","110ml, formula",,,110
Sleep,,"2025-10-05, 19:35","2025-10-06, 07:00",cot,,,cot
Feeding,Bottle,"2025-10-05, 19:20","2025-10-05, 19:30","160ml, formula",,,160
Feeding,Bottle,"2025-10-05, 16:50","2025-10-05, 17:00","70ml, formula",,,70
Feeding,Bottle,"2025-10-05, 14:15","2025-10-05, 14:35","140ml, formula",,,140
Sleep,,"2025-10-05, 13:20","2025-10-05, 14:00",bus/pram,,,bus/pram
Feeding,Bottle,"2025-10-05, 10:40","2025-10-05, 11:00","120ml, formula",,,120
Sleep,,"2025-10-05, 10:00","2025-10-05, 10:35",cot,,,cot
Feeding,Bottle,"2025-10-05, 07:35","2025-10-05, 08:05","135ml, formula",,,135
Feeding,Bottle,"2025-10-05, 02:20","2025-10-05, 02:40","160ml, formula",,,160
Sleep,,"2025-10-04, 19:45","2025-10-05, 07:15",cot,,,cot
Feeding,Bottle,"2025-10-04, 19:30","2025-10-04, 19:40","190ml, formula",,,190
Feeding,Bottle,"2025-10-04, 16:50","2025-10-04, 17:00","90ml, formula",,,90
Sleep,,"2025-10-04, 14:45","2025-10-04, 16:00",cot,,,cot
Feeding,Bottle,"2025-10-04, 13:45","2025-10-04, 14:15","150ml, formula",,,150
Sleep,,"2025-10-04, 11:00","2025-10-04, 11:30",pram,,,pram
Feeding,Bottle,"2025-10-04, 10:05","2025-10-04, 10:15","130ml, formula",,,130
Sleep,,"2025-10-04, 08:45","2025-10-04, 09:15",cot,,,cot
Feeding,Bottle,"2025-10-04, 06:55","2025-10-04, 07:25","130ml, formula",,,130
Feeding,Bottle,"2025-10-04, 02:40","2025-10-04, 02:45","130ml, formula",,,130
Sleep,,"2025-10-03, 19:20","2025-10-04, 06:15",cot,,,cot
Feeding,Bottle,"2025-10-03, 19:05","2025-10-03, 19:20","180ml, formula",,,180
Sleep,,"2025-10-03, 18:00","2025-10-03, 18:05",pram,,,pram
Feeding,Bottle,"2025-10-03, 17:00","2025-10-03, 17:15","150ml, formula",,,150
Feeding,Bottle,"2025-10-03, 13:45","2025-10-03, 14:00","160ml, formula",,,160
Sleep,,"2025-10-03, 12:40","2025-10-03, 13:30",pram,,,pram
Feeding,Bottle,"2025-10-03, 10:20","2025-10-03, 10:30","150ml, formula",,,150
Sleep,,"2025-10-03, 09:30","2025-10-03, 10:10",cot,,,cot
Feeding,Bottle,"2025-10-03, 07:10","2025-10-03, 07:30","150ml, formula",,,150
Feeding,Bottle,"2025-10-03, 01:35","2025-10-03, 01:40","160ml, formula",,,160
Sleep,,"2025-10-02, 20:45","2025-10-03, 06:30",cot,,,cot
Feeding,Bottle,"2025-10-02, 19:15","2025-10-02, 19:30","230ml, formula",,,230
Sleep,,"2025-10-02, 17:35","2025-10-02, 18:05",pram,,,pram
Feeding,Bottle,"2025-10-02, 16:35","2025-10-02, 17:05","120ml, formula",,,120
Sleep,,"2025-10-02, 13:45","2025-10-02, 14:30",pram,,,pram
Feeding,Bottle,"2025-10-02, 13:25","2025-10-02, 14:35","80ml, formula",,,80
Feeding,Bottle,"2025-10-02, 10:30","2025-10-02, 10:50","145ml, formula",,,145
Sleep,,"2025-10-02, 09:35","2025-10-02, 10:05",cot,,,cot
Feeding,Bottle,"2025-10-02, 07:15","2025-10-02, 07:45","160ml, formula",,,160
Feeding,Bottle,"2025-10-02, 01:50","2025-10-02, 02:00","145ml, formula",,,145
Sleep,,"2025-10-01, 19:40","2025-10-02, 06:40",cot,,,cot
Feeding,Bottle,"2025-10-01, 19:05","2025-10-01, 19:30","180ml, formula",,,180
Sleep,,"2025-10-01, 18:05","2025-10-01, 18:15",pram,,,pram
Feeding,Bottle,"2025-10-01, 16:25","2025-10-01, 17:05","160ml, formula",,,160
Sleep,,"2025-10-01, 13:40","2025-10-01, 14:50",pram,,,pram
Feeding,Bottle,"2025-10-01, 13:10","2025-10-01, 13:25","110ml, formula",,,110
Feeding,Bottle,"2025-10-01, 10:15","2025-10-01, 10:45","160ml, formula",,,160
Sleep,,"2025-10-01, 09:30","2025-10-01, 10:05",cot,,,cot
Feeding,Bottle,"2025-10-01, 06:40","2025-10-01, 07:10","150ml, formula",,,150
Feeding,Bottle,"2025-10-01, 00:05","2025-10-01, 00:10","140ml, formula",,,140
Sleep,,"2025-09-30, 19:30","2025-10-01, 06:10",cot,,,cot
Feeding,Bottle,"2025-09-30, 19:15","2025-09-30, 19:30","180ml, formula",,,180
Feeding,Bottle,"2025-09-30, 17:00","2025-09-30, 17:10","160ml, formula",,,160
Sleep,,"2025-09-30, 15:05","2025-09-30, 15:35",cot,,,cot
Feeding,Bottle,"2025-09-30, 14:00","2025-09-30, 14:05","160ml, formula",,,160
Feeding,Bottle,"2025-09-30, 10:40","2025-09-30, 11:10","150ml, formula",,,150
Sleep,,"2025-09-30, 09:50","2025-09-30, 10:30",cot,,,cot
Feeding,Bottle,"2025-09-30, 07:25","2025-09-30, 07:50","145ml, formula",,,145
Feeding,Bottle,"2025-09-30, 01:50","2025-09-30, 02:00","160ml, formula",,,160
Sleep,,"2025-09-29, 19:45","2025-09-30, 07:05",cot,,,cot
Feeding,Bottle,"2025-09-29, 19:15","2025-09-29, 19:30","50ml, formula",,,50
Feeding,Bottle,"2025-09-29, 17:35","2025-09-29, 17:40","145ml, formula",,,145
Feeding,Bottle,"2025-09-29, 14:45","2025-09-29, 15:05","140ml, formula",,,140
Sleep,,"2025-09-29, 13:30","2025-09-29, 14:10",pram,,,pram
Feeding,Bottle,"2025-09-29, 11:00","2025-09-29, 11:20","175ml, formula",,,175
Sleep,,"2025-09-29, 09:35","2025-09-29, 10:15",cot,,,cot
Feeding,Bottle,"2025-09-29, 07:00","2025-09-29, 07:40","140ml, formula",,,140
Feeding,Bottle,"2025-09-29, 03:35","2025-09-29, 03:45","160ml, formula",,,160
Sleep,,"2025-09-28, 19:40","2025-09-29, 06:40",cot,,,cot
Feeding,Bottle,"2025-09-28, 19:15","2025-09-28, 19:30","230ml, formula",,,230
Feeding,Bottle,"2025-09-28, 16:20","2025-09-28, 17:00","145ml, formula",,,145
Sleep,,"2025-09-28, 15:35","2025-09-28, 16:15",pram,,,pram
Feeding,Bottle,"2025-09-28, 13:25","2025-09-28, 13:45","160ml, formula",,,160
Sleep,,"2025-09-28, 12:40","2025-09-28, 13:15",cot,,,cot
Feeding,Bottle,"2025-09-28, 10:05","2025-09-28, 10:20","160ml, formula",,,160
Sleep,,"2025-09-28, 08:55","2025-09-28, 09:25",cot,,,cot
Feeding,Bottle,"2025-09-28, 06:55","2025-09-28, 07:25","120ml, formula",,,120
Feeding,Bottle,"2025-09-27, 23:55","2025-09-28, 00:05","160ml, formula",,,160
Sleep,,"2025-09-27, 19:30","2025-09-28, 06:40",cot,,,cot
Feeding,Bottle,"2025-09-27, 19:15","2025-09-27, 19:25","200ml, formula",,,200
Feeding,Bottle,"2025-09-27, 17:10","2025-09-27, 17:40","100ml, formula",,,100
Sleep,,"2025-09-27, 14:40","2025-09-27, 15:15",cot,,,cot
Feeding,Bottle,"2025-09-27, 14:15","2025-09-27, 14:30","150ml, formula",,,150
Feeding,Bottle,"2025-09-27, 11:40","2025-09-27, 12:10","140ml, formula",,,140
Sleep,,"2025-09-27, 10:20","2025-09-27, 11:00",cot,,,cot
Feeding,Bottle,"2025-09-27, 08:00","2025-09-27, 08:30","145ml, formula",,,145
Feeding,Bottle,"2025-09-27, 00:55","2025-09-27, 01:05","160ml, formula",,,160
Sleep,,"2025-09-26, 19:25","2025-09-27, 07:50",cot,,,cot
Feeding,Bottle,"2025-09-26, 19:15","2025-09-26, 19:25","170ml, formula",,,170
Feeding,Bottle,"2025-09-26, 16:55","2025-09-26, 17:00","140ml, formula",,,140
Sleep,,"2025-09-26, 14:05","2025-09-26, 14:45",cot,,,cot
Feeding,Bottle,"2025-09-26, 13:45","2025-09-26, 14:00","155ml, formula",,,155
Feeding,Bottle,"2025-09-26, 10:55","2025-09-26, 11:05","130ml, formula",,,130
Sleep,,"2025-09-26, 09:55","2025-09-26, 10:40",cot,,,cot
Feeding,Bottle,"2025-09-26, 07:45","2025-09-26, 08:45","160ml, formula",,,160
Sleep,,"2025-09-25, 20:10","2025-09-26, 07:35",cot,,,cot
Feeding,Bottle,"2025-09-25, 19:15","2025-09-25, 19:30","200ml, formula",,,200
Feeding,Bottle,"2025-09-25, 18:20","2025-09-25, 18:25","70ml, formula",,,70
Sleep,,"2025-09-25, 17:10","2025-09-25, 17:40",car,,,car
Feeding,Bottle,"2025-09-25, 14:50","2025-09-25, 15:20","150ml, formula",,,150
Sleep,,"2025-09-25, 13:50","2025-09-25, 14:30",pram,,,pram
Feeding,Bottle,"2025-09-25, 11:10","2025-09-25, 12:10","100ml, formula",,,100
Sleep,,"2025-09-25, 10:00","2025-09-25, 10:30",cot,,,cot
Feeding,Bottle,"2025-09-25, 08:05","2025-09-25, 08:35","155ml, formula",,,155
Feeding,Bottle,"2025-09-25, 04:15","2025-09-25, 04:25","160ml, formula",,,160
Sleep,,"2025-09-24, 19:30","2025-09-25, 07:00",cot,,,cot
Feeding,Bottle,"2025-09-24, 19:15","2025-09-24, 19:30","220ml, formula",,,220
Feeding,Bottle,"2025-09-24, 17:05","2025-09-24, 17:10","70ml, formula",,,70
Feeding,Bottle,"2025-09-24, 14:30","2025-09-24, 15:00","135ml, formula",,,135
Sleep,,"2025-09-24, 13:20","2025-09-24, 14:25",car,,,car
Feeding,Bottle,"2025-09-24, 10:10","2025-09-24, 10:20","150ml, formula",,,150
Sleep,,"2025-09-24, 09:15","2025-09-24, 10:00",cot,,,cot
Feeding,Bottle,"2025-09-24, 06:35","2025-09-24, 07:05","150ml, formula",,,150
Sleep,,"2025-09-23, 19:30","2025-09-24, 06:30",cot,,,cot
Feeding,Bottle,"2025-09-23, 19:10","2025-09-23, 19:20","200ml, formula",,,200
Feeding,Bottle,"2025-09-23, 17:10","2025-09-23, 17:25","125ml, formula",,,125
Sleep,,"2025-09-23, 14:50","2025-09-23, 15:40",pram,,,pram
Feeding,Bottle,"2025-09-23, 14:10","2025-09-23, 14:30","145ml, formula",,,145
Feeding,Bottle,"2025-09-23, 11:10","2025-09-23, 11:20","155ml, formula",,,155
Sleep,,"2025-09-23, 10:30","2025-09-23, 11:00",cot,,,cot
Feeding,Bottle,"2025-09-23, 07:40","2025-09-23, 08:10","130ml, formula",,,130
Feeding,Bottle,"2025-09-23, 02:00","2025-09-23, 02:05","120ml, formula",,,120
Sleep,,"2025-09-22, 19:30","2025-09-23, 07:30",cot,,,cot
Feeding,Bottle,"2025-09-22, 19:15","2025-09-22, 19:30","165ml, formula",,,165
Feeding,Bottle,"2025-09-22, 15:40","2025-09-22, 16:10","160ml, formula",,,160
Sleep,,"2025-09-22, 15:00","2025-09-22, 15:25",cot,,,cot
Feeding,Bottle,"2025-09-22, 12:30","2025-09-22, 12:45","150ml, formula",,,150
Sleep,,"2025-09-22, 10:40","2025-09-22, 11:20",cot,,,cot
Feeding,Bottle,"2025-09-22, 09:10","2025-09-22, 09:30","145ml, formula",,,145
Feeding,Bottle,"2025-09-22, 06:05","2025-09-22, 06:15","100ml, formula",,,100
Feeding,Bottle,"2025-09-21, 23:00","2025-09-21, 23:10","110ml, formula",,,110
Sleep,,"2025-09-21, 19:30","2025-09-22, 07:55",cot,,,cot
Feeding,Bottle,"2025-09-21, 19:15","2025-09-21, 19:25","250ml, formula",,,250
Sleep,,"2025-09-21, 16:35","2025-09-21, 17:10",pram,,,pram
Feeding,Bottle,"2025-09-21, 14:45","2025-09-21, 15:15","150ml, formula",,,150
Sleep,,"2025-09-21, 14:05","2025-09-21, 14:30",cot,,,cot
Feeding,Bottle,"2025-09-21, 11:45","2025-09-21, 12:00","150ml, formula",,,150
Sleep,,"2025-09-21, 10:15","2025-09-21, 10:45",pram,,,pram
Feeding,Bottle,"2025-09-21, 07:40","2025-09-21, 07:50","140ml, formula",,,140
Feeding,Bottle,"2025-09-21, 01:55","2025-09-21, 02:05","110ml, formula",,,110
Sleep,,"2025-09-20, 19:40","2025-09-21, 07:30",cot,,,cot
Feeding,Bottle,"2025-09-20, 19:15","2025-09-20, 19:30","190ml, formula",,,190
Feeding,Bottle,"2025-09-20, 17:10","2025-09-20, 17:20","80ml, formula",,,80
Sleep,,"2025-09-20, 16:30","2025-09-20, 17:00",pram,,,pram
Feeding,Bottle,"2025-09-20, 13:55","2025-09-20, 14:25","140ml, formula",,,140
Sleep,,"2025-09-20, 12:45","2025-09-20, 13:30",pram,,,pram
Feeding,Bottle,"2025-09-20, 10:40","2025-09-20, 11:00","90ml, formula",,,90
Sleep,,"2025-09-20, 10:00","2025-09-20, 10:15",cot,,,cot
Feeding,Bottle,"2025-09-20, 07:20","2025-09-20, 08:20","230ml, formula",,,230
Sleep,,"2025-09-19, 19:40","2025-09-20, 07:00",cot,,,cot
Feeding,Bottle,"2025-09-19, 19:20","2025-09-19, 19:40","230ml, formula",,,230
Feeding,Bottle,"2025-09-19, 17:05","2025-09-19, 17:15","110ml, formula",,,110
Sleep,,"2025-09-19, 14:45","2025-09-19, 15:15",cot,,,cot
Feeding,Bottle,"2025-09-19, 14:10","2025-09-19, 14:20","155ml, formula",,,155
Feeding,Bottle,"2025-09-19, 11:15","2025-09-19, 11:30","130ml, formula",,,130
Sleep,,"2025-09-19, 10:00","2025-09-19, 11:00",cot,,,cot
Feeding,Bottle,"2025-09-19, 08:15","2025-09-19, 08:45","145ml, formula",,,145
Feeding,Bottle,"2025-09-19, 05:05","2025-09-19, 05:15","125ml, formula",,,125
Sleep,,"2025-09-18, 19:45","2025-09-19, 07:05",cot,,,cot
Feeding,Bottle,"2025-09-18, 19:10","2025-09-18, 19:30","210ml, formula",,,210
Feeding,Bottle,"2025-09-18, 17:10","2025-09-18, 17:25","130ml, formula",,,130
Sleep,,"2025-09-18, 14:15","2025-09-18, 15:00",cot,,,cot
Feeding,Bottle,"2025-09-18, 14:10","2025-09-18, 14:15","160ml, formula",,,160
Feeding,Bottle,"2025-09-18, 11:20","2025-09-18, 11:40","160ml, formula",,,160
Sleep,,"2025-09-18, 10:25","2025-09-18, 11:00",cot,,,cot
Feeding,Bottle,"2025-09-18, 08:05","2025-09-18, 09:05","160ml, formula",,,160
Feeding,Bottle,"2025-09-18, 03:25","2025-09-18, 03:35","160ml, formula",,,160
Sleep,,"2025-09-17, 19:40","2025-09-18, 07:40",cot,,,cot
Feeding,Bottle,"2025-09-17, 19:25","2025-09-17, 19:35","220ml, formula",,,220
Feeding,Bottle,"2025-09-17, 18:05","2025-09-17, 18:20","110ml, formula",,,110
Sleep,,"2025-09-17, 15:05","2025-09-17, 15:40",cot,,,cot
Feeding,Bottle,"2025-09-17, 13:50","2025-09-17, 14:00","160ml, formula",,,160
Feeding,Bottle,"2025-09-17, 10:35","2025-09-17, 11:35","110ml, formula",,,110
Sleep,,"2025-09-17, 10:00","2025-09-17, 10:30",cot,,,cot
Feeding,Bottle,"2025-09-17, 07:15","2025-09-17, 07:45","225ml, formula",,,225
Sleep,,"2025-09-16, 20:00","2025-09-17, 07:00",cot,,,cot
Feeding,Bottle,"2025-09-16, 19:20","2025-09-16, 19:30","230ml, formula",,,230
Feeding,Bottle,"2025-09-16, 15:40","2025-09-16, 16:10","150ml, formula",,,150
Sleep,,"2025-09-16, 14:40","2025-09-16, 15:20",pram,,,pram
Feeding,Bottle,"2025-09-16, 11:25","2025-09-16, 11:55","155ml, formula",,,155
Sleep,,"2025-09-16, 10:10","2025-09-16, 11:10",cot,,,cot
Feeding,Bottle,"2025-09-16, 07:30","2025-09-16, 08:00","155ml, formula",,,155
Feeding,Bottle,"2025-09-16, 03:25","2025-09-16, 03:35","150ml, formula",,,150
Sleep,,"2025-09-15, 20:00","2025-09-16, 07:15",cot,,,cot
Feeding,Bottle,"2025-09-15, 19:25","2025-09-15, 19:40","220ml, formula",,,220
Feeding,Bottle,"2025-09-15, 18:15","2025-09-15, 18:36","65ml, formula",,,65
Sleep,,"2025-09-15, 17:45","2025-09-15, 18:15",pram,,,pram
Feeding,Bottle,"2025-09-15, 14:15","2025-09-15, 14:45","155ml, formula",,,155
Sleep,,"2025-09-15, 13:25","2025-09-15, 14:00",pram,,,pram
Feeding,Bottle,"2025-09-15, 10:35","2025-09-15, 10:55","160ml, formula",,,160
Sleep,,"2025-09-15, 09:30","2025-09-15, 10:00",cot,,,cot
Feeding,Bottle,"2025-09-15, 07:05","2025-09-15, 07:55","220ml, formula",,,220
Sleep,,"2025-09-14, 19:50","2025-09-15, 06:50",cot,,,cot
Feeding,Bottle,"2025-09-14, 19:20","2025-09-14, 19:40","230ml, formula",,,230
Feeding,Bottle,"2025-09-14, 15:50","2025-09-14, 16:10","60ml, formula",,,60
Feeding,Bottle,"2025-09-14, 12:40","2025-09-14, 12:50","160ml, formula",,,160
Feeding,Bottle,"2025-09-14, 09:00","2025-09-14, 09:10","160ml, formula",,,160
Feeding,Bottle,"2025-09-14, 05:45","2025-09-14, 06:00","210ml, formula",,,210
Feeding,Bottle,"2025-09-13, 19:20","2025-09-13, 19:35","220ml, formula",,,220
Feeding,Bottle,"2025-09-13, 15:55","2025-09-13, 16:00","130ml, formula",,,130
Feeding,Bottle,"2025-09-13, 12:30","2025-09-13, 12:45","200ml, formula",,,200
Feeding,Bottle,"2025-09-13, 09:00","2025-09-13, 09:10","160ml, formula",,,160
Feeding,Bottle,"2025-09-13, 07:05","2025-09-13, 07:15","80ml, formula",,,80
Feeding,Bottle,"2025-09-13, 01:25","2025-09-13, 01:35","140ml, formula",,,140
Feeding,Bottle,"2025-09-12, 19:20","2025-09-12, 19:35","210ml, formula",,,210
Feeding,Bottle,"2025-09-12, 16:25","2025-09-12, 16:40","120ml, formula",,,120
Feeding,Bottle,"2025-09-12, 13:25","2025-09-12, 14:25","160ml, formula",,,160
Feeding,Bottle,"2025-09-12, 10:15","2025-09-12, 10:45","130ml, formula",,,130
Feeding,Bottle,"2025-09-12, 07:00","2025-09-12, 07:10","110ml, formula",,,110
Feeding,Bottle,"2025-09-12, 02:05","2025-09-12, 02:20","140ml, formula",,,140
Feeding,Bottle,"2025-09-11, 19:30","2025-09-11, 19:54","210ml, formula",,,210
Feeding,Bottle,"2025-09-11, 17:20","2025-09-11, 17:50","120ml, formula",,,120
Feeding,Bottle,"2025-09-11, 13:45","2025-09-11, 14:20","140ml, formula",,,140
Feeding,Bottle,"2025-09-11, 10:15","2025-09-11, 10:45","90ml, formula",,,90
Feeding,Bottle,"2025-09-11, 07:35","2025-09-11, 07:45","90ml, formula",,,90
Feeding,Bottle,"2025-09-11, 02:35","2025-09-11, 02:45","120ml, formula",,,120
Feeding,Bottle,"2025-09-10, 18:30","2025-09-10, 18:45","230ml, formula",,,230
Feeding,Bottle,"2025-09-10, 16:20","2025-09-10, 16:25","130ml, formula",,,130
Feeding,Bottle,"2025-09-10, 12:35","2025-09-10, 12:50","120ml, formula",,,120
Feeding,Bottle,"2025-09-10, 09:05","2025-09-10, 09:20","110ml, formula",,,110
Feeding,Bottle,"2025-09-10, 05:45","2025-09-10, 06:00","170ml, formula",,,170
Feeding,Bottle,"2025-09-09, 18:25","2025-09-09, 18:35","160ml, formula",,,160
Feeding,Bottle,"2025-09-09, 14:20","2025-09-09, 14:30","200ml, formula",,,200
Feeding,Bottle,"2025-09-09, 10:00","2025-09-09, 10:15","160ml, formula",,,160
Feeding,Bottle,"2025-09-09, 06:25","2025-09-09, 06:55","100ml, formula",,,100
Feeding,Bottle,"2025-09-08, 21:25","2025-09-08, 21:35","120ml, formula",,,120
Feeding,Bottle,"2025-09-08, 18:20","2025-09-08, 18:30","160ml, formula",,,160
Feeding,Bottle,"2025-09-08, 14:30","2025-09-08, 14:45","130ml, formula",,,130
Feeding,Bottle,"2025-09-08, 11:45","2025-09-08, 12:00","80ml, formula",,,80
Feeding,Bottle,"2025-09-08, 10:45","2025-09-08, 10:50","25ml, formula",,,25
Feeding,Bottle,"2025-09-08, 05:45","2025-09-08, 06:00","200ml, formula",,,200
Feeding,Bottle,"2025-09-07, 23:00","2025-09-07, 23:10","130ml, formula",,,130
Feeding,Bottle,"2025-09-07, 18:20","2025-09-07, 18:30","165ml, formula",,,165
Feeding,Bottle,"2025-09-07, 15:40","2025-09-07, 16:00","50ml, formula",,,50
Feeding,Bottle,"2025-09-07, 11:45","2025-09-07, 12:00","150ml, formula",,,150
Feeding,Bottle,"2025-09-07, 09:10","2025-09-07, 09:40","150ml, formula",,,150
Feeding,Bottle,"2025-09-07, 05:40","2025-09-07, 06:10","160ml, formula",,,160
Feeding,Bottle,"2025-09-06, 23:35","2025-09-06, 23:50","110ml, formula",,,110
Feeding,Bottle,"2025-09-06, 18:20","2025-09-06, 18:40","230ml, formula",,,230
Feeding,Bottle,"2025-09-06, 15:10","2025-09-06, 15:20","100ml, formula",,,100
Feeding,Bottle,"2025-09-06, 11:50","2025-09-06, 12:00","145ml, formula",,,145
Feeding,Bottle,"2025-09-06, 08:00","2025-09-06, 08:15","150ml, formula",,,150
Feeding,Bottle,"2025-09-06, 02:50","2025-09-06, 04:50","110ml, formula",,,110
Feeding,Bottle,"2025-09-05, 22:35","2025-09-05, 22:40","125ml, formula",,,125
Feeding,Bottle,"2025-09-05, 18:25","2025-09-05, 18:30","75ml, formula",,,75
Feeding,Bottle,"2025-09-05, 15:45","2025-09-05, 15:50","140ml, formula",,,140
Feeding,Bottle,"2025-09-05, 12:40","2025-09-05, 13:00","90ml, formula",,,90
Feeding,Bottle,"2025-09-05, 08:45","2025-09-05, 08:55","130ml, formula",,,130
Feeding,Bottle,"2025-09-05, 05:50","2025-09-05, 06:00","160ml, formula",,,160
Feeding,Bottle,"2025-09-05, 00:20","2025-09-05, 00:50","145ml, formula",,,145
Feeding,Bottle,"2025-09-04, 18:20","2025-09-04, 18:30","190ml, formula",,,190
Feeding,Bottle,"2025-09-04, 16:15","2025-09-04, 17:15","25ml, formula",,,25
Feeding,Bottle,"2025-09-04, 12:35","2025-09-04, 13:00","180ml, formula",,,180
Feeding,Bottle,"2025-09-04, 09:25","2025-09-04, 10:25","150ml, formula",,,150
Feeding,Bottle,"2025-09-04, 06:05","2025-09-04, 06:20","160ml, formula",,,160
Feeding,Bottle,"2025-09-04, 01:30","2025-09-04, 01:40","60ml, formula",,,60
Feeding,Bottle,"2025-09-03, 22:10","2025-09-03, 22:15","60ml, formula",,,60
Feeding,Bottle,"2025-09-03, 18:30","2025-09-03, 19:00","210ml, formula",,,210
Feeding,Bottle,"2025-09-03, 15:15","2025-09-03, 15:45","70ml, formula",,,70
Feeding,Bottle,"2025-09-03, 12:00","2025-09-03, 12:30","100ml, formula",,,100
Feeding,Bottle,"2025-09-03, 07:40","2025-09-03, 09:10","160ml, formula",,,160
Feeding,Bottle,"2025-09-03, 01:15","2025-09-03, 01:25","160ml, formula",,,160
Feeding,Bottle,"2025-09-02, 22:15","2025-09-02, 22:20","40ml, formula",,,40
Feeding,Bottle,"2025-09-02, 18:45","2025-09-02, 18:50","110ml, formula",,,110
Feeding,Bottle,"2025-09-02, 17:00","2025-09-02, 17:05","40ml, formula",,,40
Feeding,Bottle,"2025-09-02, 13:30","2025-09-02, 14:00","80ml, formula",,,80
Feeding,Bottle,"2025-09-02, 09:35","2025-09-02, 10:00","80ml, formula",,,80
Feeding,Bottle,"2025-09-02, 06:25","2025-09-02, 07:25","80ml, formula",,,80
Feeding,Bottle,"2025-09-01, 23:25","2025-09-01, 23:35","140ml, formula",,,140
Feeding,Bottle,"2025-09-01, 18:35","2025-09-01, 18:50","160ml, formula",,,160
Feeding,Bottle,"2025-09-01, 17:00","2025-09-01, 17:10","55ml, formula",,,55
Feeding,Bottle,"2025-09-01, 14:00","2025-09-01, 14:09","65ml, formula",,,65
Feeding,Bottle,"2025-09-01, 08:50","2025-09-01, 09:00","150ml, formula",,,150
Feeding,Bottle,"2025-09-01, 06:05","2025-09-01, 06:20","110ml, formula",,,110
Feeding,Bottle,"2025-09-01, 00:15","2025-09-01, 00:20","130ml, formula",,,130
Feeding,Bottle,"2025-08-31, 22:25","2025-08-31, 22:45","90ml, formula",,,90
Feeding,Bottle,"2025-08-31, 18:20","2025-08-31, 18:40","140ml, formula",,,140
Feeding,Bottle,"2025-08-31, 15:40","2025-08-31, 16:20","60ml, formula",,,60
Feeding,Bottle,"2025-08-31, 12:35","2025-08-31, 12:50","90ml, formula",,,90
Feeding,Bottle,"2025-08-31, 08:55","2025-08-31, 09:25","115ml, formula",,,115
Feeding,Bottle,"2025-08-31, 05:20","2025-08-31, 05:30","140ml, formula",,,140
Feeding,Bottle,"2025-08-31, 01:40","2025-08-31, 01:50","160ml, formula",,,160
Feeding,Bottle,"2025-08-30, 18:25","2025-08-30, 18:35","150ml, formula",,,150
Feeding,Bottle,"2025-08-30, 15:55","2025-08-30, 16:10","45ml, formula",,,45
Feeding,Bottle,"2025-08-30, 12:30","2025-08-30, 12:45","120ml, formula",,,120
Feeding,Bottle,"2025-08-30, 08:50","2025-08-30, 09:00","140ml, formula",,,140
Feeding,Bottle,"2025-08-30, 05:45","2025-08-30, 06:00","160ml, formula",,,160
Feeding,Bottle,"2025-08-30, 01:05","2025-08-30, 01:15","140ml, formula",,,140
Feeding,Bottle,"2025-08-29, 18:20","2025-08-29, 18:35","260ml, formula",,,260
Feeding,Bottle,"2025-08-29, 16:30","2025-08-29, 16:40","30ml, formula",,,30
Feeding,Bottle,"2025-08-29, 13:45","2025-08-29, 14:15","100ml, formula",,,100
Feeding,Bottle,"2025-08-29, 10:40","2025-08-29, 10:50","100ml, formula",,,100
Feeding,Bottle,"2025-08-29, 07:30","2025-08-29, 08:00","90ml, formula",,,90
Feeding,Bottle,"2025-08-29, 03:25","2025-08-29, 03:35","135ml, formula",,,135
Feeding,Bottle,"2025-08-28, 23:20","2025-08-28, 23:30","130ml, formula",,,130
Feeding,Bottle,"2025-08-28, 18:30","2025-08-28, 19:00","220ml, formula",,,220
Feeding,Bottle,"2025-08-28, 17:00","2025-08-28, 17:15","90ml, formula",,,90
Feeding,Bottle,"2025-08-28, 14:15","2025-08-28, 14:20","145ml, formula",,,145
Feeding,Bottle,"2025-08-28, 11:05","2025-08-28, 11:20","130ml, formula",,,130
Feeding,Bottle,"2025-08-28, 07:30","2025-08-28, 08:00","90ml, formula",,,90
Feeding,Bottle,"2025-08-28, 02:30","2025-08-28, 02:45","160ml, formula",,,160
Feeding,Bottle,"2025-08-27, 18:30","2025-08-27, 18:45","220ml, formula",,,220
Feeding,Bottle,"2025-08-27, 17:20","2025-08-27, 17:25","50ml, formula",,,50
Feeding,Bottle,"2025-08-27, 13:50","2025-08-27, 14:10","150ml, formula",,,150
Feeding,Bottle,"2025-08-27, 10:15","2025-08-27, 10:25","120ml, formula",,,120
Feeding,Bottle,"2025-08-27, 06:50","2025-08-27, 07:00","160ml, formula",,,160
Feeding,Bottle,"2025-08-27, 01:05","2025-08-27, 01:15","195ml, formula",,,195
Feeding,Bottle,"2025-08-26, 18:30","2025-08-26, 19:00","200ml, formula",,,200
Feeding,Bottle,"2025-08-26, 16:30","2025-08-26, 16:40","35ml, formula",,,35
Feeding,Bottle,"2025-08-26, 13:30","2025-08-26, 13:45","150ml, formula",,,150
Feeding,Bottle,"2025-08-26, 10:25","2025-08-26, 10:55","90ml, formula",,,90
Feeding,Bottle,"2025-08-26, 06:55","2025-08-26, 07:25","110ml, formula",,,110
Feeding,Bottle,"2025-08-26, 01:55","2025-08-26, 02:05","180ml, formula",,,180
Feeding,Bottle,"2025-08-25, 18:30","2025-08-25, 19:00","230ml, formula",,,230
Feeding,Bottle,"2025-08-25, 13:40","2025-08-25, 13:50","110ml, formula",,,110
Feeding,Bottle,"2025-08-25, 10:15","2025-08-25, 10:25","130ml, formula",,,130
Feeding,Bottle,"2025-08-25, 07:15","2025-08-25, 07:45","85ml, formula",,,85
Feeding,Bottle,"2025-08-25, 01:10","2025-08-25, 01:30","180ml, formula",,,180
Feeding,Bottle,"2025-08-24, 18:30","2025-08-24, 19:00","260ml, formula",,,260
Feeding,Bottle,"2025-08-24, 14:45","2025-08-24, 15:00","120ml, formula",,,120
Feeding,Bottle,"2025-08-24, 11:15","2025-08-24, 12:00","185ml, formula",,,185
Feeding,Bottle,"2025-08-24, 07:15","2025-08-24, 07:45","100ml, formula",,,100
Feeding,Bottle,"2025-08-24, 01:10","2025-08-24, 01:20","185ml, formula",,,185
Feeding,Bottle,"2025-08-23, 18:55","2025-08-23, 19:15","230ml, formula",,,230
Feeding,Bottle,"2025-08-23, 15:20","2025-08-23, 15:40","120ml, formula",,,120
Feeding,Bottle,"2025-08-23, 12:00","2025-08-23, 12:30","125ml, formula",,,125
Feeding,Bottle,"2025-08-23, 08:10","2025-08-23, 08:40","140ml, formula",,,140
Feeding,Bottle,"2025-08-23, 03:25","2025-08-23, 03:35","160ml, formula",,,160
Feeding,Bottle,"2025-08-22, 22:50","2025-08-22, 23:05","160ml, formula",,,160
Feeding,Bottle,"2025-08-22, 18:25","2025-08-22, 18:40","170ml, formula",,,170
Feeding,Bottle,"2025-08-22, 16:20","2025-08-22, 16:30","120ml, formula",,,120
Feeding,Bottle,"2025-08-22, 13:20","2025-08-22, 13:30","125ml, formula",,,125
Feeding,Bottle,"2025-08-22, 09:00","2025-08-22, 09:30","110ml, formula",,,110
Feeding,Bottle,"2025-08-22, 05:15","2025-08-22, 05:30","155ml, formula",,,155
Feeding,Bottle,"2025-08-22, 01:00","2025-08-22, 01:15","150ml, formula",,,150
Feeding,Bottle,"2025-08-21, 18:55","2025-08-21, 19:10","240ml, formula",,,240
Feeding,Bottle,"2025-08-21, 16:45","2025-08-21, 17:00","125ml, formula",,,125
Feeding,Bottle,"2025-08-21, 13:25","2025-08-21, 13:45","180ml, formula",,,180
Feeding,Bottle,"2025-08-21, 09:50","2025-08-21, 10:20","110ml, formula",,,110
Feeding,Bottle,"2025-08-21, 06:40","2025-08-21, 07:10","100ml, formula",,,100
Feeding,Bottle,"2025-08-21, 02:50","2025-08-21, 03:00","200ml, formula",,,200
Feeding,Bottle,"2025-08-20, 18:30","2025-08-20, 19:00","230ml, formula",,,230
Feeding,Bottle,"2025-08-20, 16:30","2025-08-20, 16:45","55ml, formula",,,55
Feeding,Bottle,"2025-08-20, 13:00","2025-08-20, 13:30","130ml, formula",,,130
Feeding,Bottle,"2025-08-20, 09:35","2025-08-20, 09:50","120ml, formula",,,120
Feeding,Bottle,"2025-08-20, 06:15","2025-08-20, 06:30","160ml, formula",,,160
Feeding,Bottle,"2025-08-20, 01:50","2025-08-20, 02:00","165ml, formula",,,165
Feeding,Bottle,"2025-08-19, 18:40","2025-08-19, 18:50","200ml, formula",,,200
Feeding,Bottle,"2025-08-19, 14:00","2025-08-19, 15:45","100ml, formula",,,100
Feeding,Bottle,"2025-08-19, 11:00","2025-08-19, 11:10","130ml, formula",,,130
Feeding,Bottle,"2025-08-19, 07:30","2025-08-19, 08:00","100ml, formula",,,100
Feeding,Bottle,"2025-08-19, 01:15","2025-08-19, 01:25","200ml, formula",,,200
Feeding,Bottle,"2025-08-18, 18:40","2025-08-18, 19:00","260ml, formula",,,260
Feeding,Bottle,"2025-08-18, 16:35","2025-08-18, 16:50","80ml, formula",,,80
Feeding,Bottle,"2025-08-18, 13:30","2025-08-18, 14:00","110ml, formula",,,110
Feeding,Bottle,"2025-08-18, 10:30","2025-08-18, 11:00","100ml, formula",,,100
Feeding,Bottle,"2025-08-18, 07:30","2025-08-18, 08:30","100ml, formula",,,100
Feeding,Bottle,"2025-08-18, 00:30","2025-08-18, 00:45","150ml, formula",,,150
Feeding,Bottle,"2025-08-17, 18:40","2025-08-17, 18:55","260ml, formula",,,260
Feeding,Bottle,"2025-08-17, 16:15","2025-08-17, 16:25","80ml, formula",,,80
Feeding,Bottle,"2025-08-17, 13:45","2025-08-17, 13:55","160ml, formula",,,160
Feeding,Bottle,"2025-08-17, 10:00","2025-08-17, 10:45","110ml, formula",,,110
Feeding,Bottle,"2025-08-17, 06:40","2025-08-17, 07:00","120ml, formula",,,120
Feeding,Bottle,"2025-08-17, 00:20","2025-08-17, 00:30","75ml, formula",,,75
Feeding,Bottle,"2025-08-16, 19:00","2025-08-16, 19:20","260ml, formula",,,260
Feeding,Bottle,"2025-08-16, 16:00","2025-08-16, 16:30","150ml, formula",,,150
Feeding,Bottle,"2025-08-16, 13:00","2025-08-16, 14:00","110ml, formula",,,110
Feeding,Bottle,"2025-08-16, 10:00","2025-08-16, 10:15","130ml, formula",,,130
Feeding,Bottle,"2025-08-16, 06:40","2025-08-16, 07:00","160ml, formula",,,160
Feeding,Bottle,"2025-08-16, 01:05","2025-08-16, 01:15","160ml, formula",,,160
Feeding,Bottle,"2025-08-15, 18:35","2025-08-15, 19:00","200ml, formula",,,200
Feeding,Bottle,"2025-08-15, 15:50","2025-08-15, 16:30","75ml, formula",,,75
Feeding,Bottle,"2025-08-15, 12:40","2025-08-15, 13:10","110ml, formula",,,110
Feeding,Bottle,"2025-08-15, 09:10","2025-08-15, 09:20","90ml, formula",,,90
Feeding,Bottle,"2025-08-15, 05:50","2025-08-15, 06:10","135ml, formula",,,135
Feeding,Bottle,"2025-08-15, 00:30","2025-08-15, 02:00","130ml, formula",,,130
Feeding,Bottle,"2025-08-14, 19:00","2025-08-14, 19:30","230ml, formula",,,230
Feeding,Bottle,"2025-08-14, 15:15","2025-08-14, 15:45","100ml, formula",,,100
Feeding,Bottle,"2025-08-14, 11:45","2025-08-14, 12:45","100ml, formula",,,100
Feeding,Bottle,"2025-08-14, 08:10","2025-08-14, 10:10","145ml, formula",,,145
Feeding,Bottle,"2025-08-14, 00:40","2025-08-14, 00:50","150ml, formula",,,150
Feeding,Bottle,"2025-08-13, 18:40","2025-08-13, 19:10","260ml, formula",,,260
Feeding,Bottle,"2025-08-13, 14:50","2025-08-13, 15:20","130ml, formula",,,130
Feeding,Bottle,"2025-08-13, 11:45","2025-08-13, 12:15","130ml, formula",,,130
Feeding,Bottle,"2025-08-13, 08:25","2025-08-13, 08:55","110ml, formula",,,110
Feeding,Bottle,"2025-08-13, 02:55","2025-08-13, 03:15","155ml, formula",,,155
Feeding,Bottle,"2025-08-12, 18:35","2025-08-12, 19:00","230ml, formula",,,230
Feeding,Bottle,"2025-08-12, 15:10","2025-08-12, 16:00","120ml, formula",,,120
Feeding,Bottle,"2025-08-12, 11:10","2025-08-12, 13:00","110ml, formula",,,110
Feeding,Bottle,"2025-08-12, 07:55","2025-08-12, 08:55","120ml, formula",,,120
Feeding,Bottle,"2025-08-12, 03:30","2025-08-12, 03:40","120ml, formula",,,120
Feeding,Bottle,"2025-08-12, 00:40","2025-08-12, 00:50","90ml, formula",,,90
Feeding,Bottle,"2025-08-11, 18:50","2025-08-11, 19:20","200ml, formula",,,200
Feeding,Bottle,"2025-08-11, 15:50","2025-08-11, 16:30","160ml, formula",,,160
Feeding,Bottle,"2025-08-11, 12:45","2025-08-11, 13:15","100ml, formula",,,100
Feeding,Bottle,"2025-08-11, 09:10","2025-08-11, 09:40","100ml, formula",,,100
Feeding,Bottle,"2025-08-11, 05:45","2025-08-11, 06:15","130ml, formula",,,130
Feeding,Bottle,"2025-08-11, 01:15","2025-08-11, 01:25","40ml, formula",,,40
Feeding,Bottle,"2025-08-10, 23:40","2025-08-10, 23:50","40ml, formula",,,40
Feeding,Bottle,"2025-08-10, 18:35","2025-08-10, 19:00","230ml, formula",,,230
Feeding,Bottle,"2025-08-10, 17:15","2025-08-10, 17:20","10ml, formula",,,10
Feeding,Bottle,"2025-08-10, 14:35","2025-08-10, 15:05","110ml, formula",,,110
Feeding,Bottle,"2025-08-10, 11:35","2025-08-10, 12:05","100ml, formula",,,100
Feeding,Bottle,"2025-08-10, 07:35","2025-08-10, 09:10","100ml, formula",,,100
Feeding,Bottle,"2025-08-10, 02:05","2025-08-10, 02:30","140ml, formula",,,140
Feeding,Bottle,"2025-08-09, 19:00","2025-08-09, 19:20","210ml, formula",,,210
Feeding,Bottle,"2025-08-09, 16:45","2025-08-09, 17:15","70ml, formula",,,70
Feeding,Bottle,"2025-08-09, 13:10","2025-08-09, 13:40","85ml, formula",,,85
Feeding,Bottle,"2025-08-09, 10:10","2025-08-09, 10:40","60ml, formula",,,60
Feeding,Bottle,"2025-08-09, 07:10","2025-08-09, 07:40","110ml, formula",,,110
Feeding,Bottle,"2025-08-09, 02:00","2025-08-09, 02:15","130ml, formula",,,130
Feeding,Bottle,"2025-08-08, 18:40","2025-08-08, 19:00","190ml, formula",,,190
Feeding,Bottle,"2025-08-08, 17:00","2025-08-08, 17:05","10ml, formula",,,10
Feeding,Bottle,"2025-08-08, 14:20","2025-08-08, 14:50","80ml, formula",,,80
Feeding,Bottle,"2025-08-08, 11:15","2025-08-08, 11:45","120ml, formula",,,120
Feeding,Bottle,"2025-08-08, 08:00","2025-08-08, 08:30","150ml, formula",,,150
Feeding,Bottle,"2025-08-08, 01:00","2025-08-08, 02:00","130ml, formula",,,130
Feeding,Bottle,"2025-08-07, 18:30","2025-08-07, 19:00","190ml, formula",,,190
Feeding,Bottle,"2025-08-07, 14:55","2025-08-07, 15:25","50ml, formula",,,50
Feeding,Bottle,"2025-08-07, 11:30","2025-08-07, 12:45","130ml, formula",,,130
Feeding,Bottle,"2025-08-07, 08:30","2025-08-07, 09:00","60ml, formula",,,60
Feeding,Bottle,"2025-08-07, 03:15","2025-08-07, 03:30","115ml, formula",,,115
Feeding,Bottle,"2025-08-06, 18:30","2025-08-06, 19:00","200ml, formula",,,200
Feeding,Bottle,"2025-08-06, 15:15","2025-08-06, 17:00","90ml, formula",,,90
Feeding,Bottle,"2025-08-06, 12:00","2025-08-06, 12:30","60ml, formula",,,60
Feeding,Bottle,"2025-08-06, 10:40","2025-08-06, 11:00","60ml, formula",,,60
Feeding,Bottle,"2025-08-06, 07:35","2025-08-06, 08:00","90ml, formula",,,90
Feeding,Bottle,"2025-08-05, 23:00","2025-08-05, 23:15","80ml, formula",,,80
Feeding,Bottle,"2025-08-05, 18:30","2025-08-05, 19:00","200ml, formula",,,200
Feeding,Bottle,"2025-08-05, 17:00","2025-08-05, 17:05","10ml, formula",,,10
Feeding,Bottle,"2025-08-05, 14:15","2025-08-05, 14:45","90ml, formula",,,90
Feeding,Bottle,"2025-08-05, 10:50","2025-08-05, 11:20","90ml, formula",,,90
Feeding,Bottle,"2025-08-05, 07:40","2025-08-05, 08:00","110ml, formula",,,110
Feeding,Bottle,"2025-08-05, 03:15","2025-08-05, 03:30","80ml, formula",,,80
Feeding,Bottle,"2025-08-04, 18:45","2025-08-04, 19:00","150ml, formula",,,150
Feeding,Bottle,"2025-08-04, 17:05","2025-08-04, 17:30","90ml, formula",,,90
Feeding,Bottle,"2025-08-04, 13:30","2025-08-04, 14:00","100ml, formula",,,100
Feeding,Bottle,"2025-08-04, 10:30","2025-08-04, 11:30","110ml, formula",,,110
Feeding,Bottle,"2025-08-04, 07:45","2025-08-04, 08:00","80ml, formula",,,80
Feeding,Bottle,"2025-08-04, 02:20","2025-08-04, 02:35","130ml, formula",,,130
Feeding,Bottle,"2025-08-03, 18:35","2025-08-03, 19:00","180ml, formula",,,180
Feeding,Bottle,"2025-08-03, 17:00","2025-08-03, 17:10","40ml, formula",,,40
Feeding,Bottle,"2025-08-03, 14:40","2025-08-03, 15:10","140ml, formula",,,140
Feeding,Bottle,"2025-08-03, 11:40","2025-08-03, 12:00","110ml, formula",,,110
Feeding,Bottle,"2025-08-03, 07:40","2025-08-03, 08:00","100ml, formula",,,100
Feeding,Bottle,"2025-08-03, 00:55","2025-08-03, 01:05","130ml, formula",,,130
Feeding,Bottle,"2025-08-02, 18:40","2025-08-02, 19:00","220ml, formula",,,220
Feeding,Bottle,"2025-08-02, 17:00","2025-08-02, 17:10","50ml, formula",,,50
Feeding,Bottle,"2025-08-02, 13:50","2025-08-02, 14:05","160ml, formula",,,160
Feeding,Bottle,"2025-08-02, 10:30","2025-08-02, 11:00","130ml, formula",,,130
Feeding,Bottle,"2025-08-02, 07:10","2025-08-02, 07:40","100ml, formula",,,100
Feeding,Bottle,"2025-08-02, 02:40","2025-08-02, 02:50","120ml, formula",,,120
Feeding,Bottle,"2025-08-01, 18:50","2025-08-01, 19:10","200ml, formula",,,200
Feeding,Bottle,"2025-08-01, 17:00","2025-08-01, 17:15","70ml, formula",,,70
Feeding,Bottle,"2025-08-01, 13:35","2025-08-01, 13:59","160ml, formula",,,160
Feeding,Bottle,"2025-08-01, 10:25","2025-08-01, 10:55","130ml, formula",,,130
Feeding,Bottle,"2025-08-01, 07:30","2025-08-01, 08:00","90ml, formula",,,90
Feeding,Bottle,"2025-08-01, 01:30","2025-08-01, 01:45","140ml, formula",,,140
Feeding,Bottle,"2025-07-31, 18:55","2025-07-31, 19:40","190ml, formula",,,190
Feeding,Bottle,"2025-07-31, 15:10","2025-07-31, 15:40","80ml, formula",,,80
Feeding,Bottle,"2025-07-31, 11:50","2025-07-31, 12:10","160ml, formula",,,160
Feeding,Bottle,"2025-07-31, 08:20","2025-07-31, 09:10","125ml, formula",,,125
Feeding,Bottle,"2025-07-31, 00:45","2025-07-31, 00:50","80ml, formula",,,80
Feeding,Bottle,"2025-07-30, 18:30","2025-07-30, 19:00","200ml, formula",,,200
Feeding,Bottle,"2025-07-30, 16:55","2025-07-30, 17:00","20ml, formula",,,20
Feeding,Bottle,"2025-07-30, 14:20","2025-07-30, 14:50","80ml, formula",,,80
Feeding,Bottle,"2025-07-30, 11:10","2025-07-30, 11:40","120ml, formula",,,120
Feeding,Bottle,"2025-07-30, 07:30","2025-07-30, 07:50","110ml, formula",,,110
Feeding,Bottle,"2025-07-30, 01:20","2025-07-30, 01:25","95ml, formula",,,95
Feeding,Bottle,"2025-07-29, 18:50","2025-07-29, 19:10","200ml, formula",,,200
Feeding,Bottle,"2025-07-29, 15:25","2025-07-29, 15:55","160ml, formula",,,160
Feeding,Bottle,"2025-07-29, 12:05","2025-07-29, 12:30","125ml, formula",,,125
Feeding,Bottle,"2025-07-29, 08:55","2025-07-29, 09:25","110ml, formula",,,110
Feeding,Bottle,"2025-07-29, 05:30","2025-07-29, 05:35","70ml, formula",,,70
Feeding,Bottle,"2025-07-29, 01:10","2025-07-29, 01:19","130ml, formula",,,130
Feeding,Bottle,"2025-07-28, 18:50","2025-07-28, 19:10","120ml, formula",,,120
Feeding,Bottle,"2025-07-28, 16:30","2025-07-28, 17:00","80ml, formula",,,80
Feeding,Bottle,"2025-07-28, 13:00","2025-07-28, 13:30","120ml, formula",,,120
Feeding,Bottle,"2025-07-28, 09:30","2025-07-28, 10:00","120ml, formula",,,120
Feeding,Bottle,"2025-07-28, 05:40","2025-07-28, 05:50","115ml, formula",,,115
Feeding,Bottle,"2025-07-28, 00:05","2025-07-28, 00:15","95ml, formula",,,95
Feeding,Bottle,"2025-07-27, 19:05","2025-07-27, 19:15","175ml, formula",,,175
Feeding,Bottle,"2025-07-27, 16:55","2025-07-27, 17:10","90ml, formula",,,90
Feeding,Bottle,"2025-07-27, 13:20","2025-07-27, 13:40","150ml, formula",,,150
Feeding,Bottle,"2025-07-27, 09:25","2025-07-27, 09:55","125ml, formula",,,125
Feeding,Bottle,"2025-07-27, 05:55","2025-07-27, 06:25","160ml, formula",,,160
Feeding,Bottle,"2025-07-27, 01:50","2025-07-27, 02:05","150ml, formula",,,150
Feeding,Bottle,"2025-07-26, 20:10","2025-07-26, 20:20","105ml, formula",,,105
Feeding,Bottle,"2025-07-26, 17:15","2025-07-26, 17:30","70ml, formula",,,70
Feeding,Bottle,"2025-07-26, 14:55","2025-07-26, 15:25","110ml, formula",,,110
Feeding,Bottle,"2025-07-26, 11:35","2025-07-26, 12:00","120ml, formula",,,120
Feeding,Bottle,"2025-07-26, 08:10","2025-07-26, 08:40","150ml, formula",,,150
Feeding,Bottle,"2025-07-26, 05:10","2025-07-26, 05:20","120ml, formula",,,120
Feeding,Bottle,"2025-07-25, 18:55","2025-07-25, 19:10","225ml, formula",,,225
Feeding,Bottle,"2025-07-25, 14:40","2025-07-25, 15:00","150ml, formula",,,150
Feeding,Bottle,"2025-07-25, 11:05","2025-07-25, 11:20","130ml, formula",,,130
Feeding,Bottle,"2025-07-25, 08:00","2025-07-25, 08:30","100ml, formula",,,100
Feeding,Bottle,"2025-07-25, 04:10","2025-07-25, 04:25","160ml, formula",,,160
Feeding,Bottle,"2025-07-24, 19:00","2025-07-24, 19:15","230ml, formula",,,230
Feeding,Bottle,"2025-07-24, 15:20","2025-07-24, 15:35","90ml, formula",,,90
Feeding,Bottle,"2025-07-24, 12:00","2025-07-24, 12:15","90ml, formula",,,90
Feeding,Bottle,"2025-07-24, 08:55","2025-07-24, 09:10","110ml, formula",,,110
Feeding,Bottle,"2025-07-24, 05:50","2025-07-24, 06:05","120ml, formula",,,120
Feeding,Bottle,"2025-07-24, 01:30","2025-07-24, 01:40","95ml, formula",,,95
Feeding,Bottle,"2025-07-23, 19:05","2025-07-23, 19:30","230ml, formula",,,230
Feeding,Bottle,"2025-07-23, 15:30","2025-07-23, 16:00","160ml, formula",,,160
Feeding,Bottle,"2025-07-23, 12:00","2025-07-23, 12:20","160ml, formula",,,160
Feeding,Bottle,"2025-07-23, 08:35","2025-07-23, 09:30","100ml, formula",,,100
Feeding,Bottle,"2025-07-23, 05:20","2025-07-23, 05:30","100ml, formula",,,100
Feeding,Bottle,"2025-07-22, 19:00","2025-07-22, 19:30","230ml, formula",,,230
Feeding,Bottle,"2025-07-22, 17:10","2025-07-22, 17:15","70ml, formula",,,70
Feeding,Bottle,"2025-07-22, 14:10","2025-07-22, 14:30","70ml, formula",,,70
Feeding,Bottle,"2025-07-22, 11:00","2025-07-22, 11:45","150ml, formula",,,150
Feeding,Bottle,"2025-07-22, 08:15","2025-07-22, 08:30","90ml, formula",,,90
Feeding,Bottle,"2025-07-22, 04:50","2025-07-22, 05:00","120ml, formula",,,120
Feeding,Bottle,"2025-07-21, 19:00","2025-07-21, 19:15","200ml, formula",,,200
Feeding,Bottle,"2025-07-21, 17:00","2025-07-21, 17:05","30ml, formula",,,30
Feeding,Bottle,"2025-07-21, 14:30","2025-07-21, 15:00","130ml, formula",,,130
Feeding,Bottle,"2025-07-21, 11:25","2025-07-21, 11:55","130ml, formula",,,130
Feeding,Bottle,"2025-07-21, 08:00","2025-07-21, 09:00","110ml, formula",,,110
Feeding,Bottle,"2025-07-21, 03:50","2025-07-21, 03:55","100ml, formula",,,100
Feeding,Bottle,"2025-07-20, 22:30","2025-07-20, 22:35","30ml, formula",,,30
Feeding,Bottle,"2025-07-20, 19:05","2025-07-20, 19:30","220ml, formula",,,220
Feeding,Bottle,"2025-07-20, 17:40","2025-07-20, 17:45","45ml, formula",,,45
Feeding,Bottle,"2025-07-20, 14:15","2025-07-20, 14:40","120ml, formula",,,120
Feeding,Bottle,"2025-07-20, 10:50","2025-07-20, 11:50","150ml, formula",,,150
Feeding,Bottle,"2025-07-20, 07:30","2025-07-20, 08:00","120ml, formula",,,120
Feeding,Bottle,"2025-07-20, 02:00","2025-07-20, 02:15","105ml, formula",,,105
Feeding,Bottle,"2025-07-19, 19:00","2025-07-19, 19:30","230ml, formula",,,230
Feeding,Bottle,"2025-07-19, 15:00","2025-07-19, 15:30","110ml, formula",,,110
Feeding,Bottle,"2025-07-19, 11:40","2025-07-19, 12:05","150ml, formula",,,150
Feeding,Bottle,"2025-07-19, 08:00","2025-07-19, 08:30","110ml, formula",,,110
Feeding,Bottle,"2025-07-19, 04:45","2025-07-19, 05:00","150ml, formula",,,150
Feeding,Bottle,"2025-07-19, 00:45","2025-07-19, 00:55","95ml, formula",,,95
Feeding,Bottle,"2025-07-18, 19:10","2025-07-18, 19:30","225ml, formula",,,225
Feeding,Bottle,"2025-07-18, 16:45","2025-07-18, 17:15","70ml, formula",,,70
Feeding,Bottle,"2025-07-18, 13:45","2025-07-18, 14:15","150ml, formula",,,150
Feeding,Bottle,"2025-07-18, 10:45","2025-07-18, 11:25","80ml, formula",,,80
Feeding,Bottle,"2025-07-18, 07:40","2025-07-18, 08:00","130ml, formula",,,130
Feeding,Bottle,"2025-07-17, 22:45","2025-07-17, 23:10","100ml, formula",,,100
Feeding,Bottle,"2025-07-17, 19:00","2025-07-17, 19:15","180ml, formula",,,180
Feeding,Bottle,"2025-07-17, 15:45","2025-07-17, 16:00","95ml, formula",,,95
Feeding,Bottle,"2025-07-17, 12:45","2025-07-17, 13:00","160ml, formula",,,160
Feeding,Bottle,"2025-07-17, 09:15","2025-07-17, 09:45","100ml, formula",,,100
Feeding,Bottle,"2025-07-17, 06:10","2025-07-17, 06:30","130ml, formula",,,130
Feeding,Bottle,"2025-07-17, 01:10","2025-07-17, 01:15","70ml, formula",,,70
Feeding,Bottle,"2025-07-16, 18:50","2025-07-16, 19:10","190ml, formula",,,190
Feeding,Bottle,"2025-07-16, 15:45","2025-07-16, 16:10","150ml, formula",,,150
Feeding,Bottle,"2025-07-16, 12:30","2025-07-16, 13:00","140ml, formula",,,140
Feeding,Bottle,"2025-07-16, 09:20","2025-07-16, 09:50","100ml, formula",,,100
Feeding,Bottle,"2025-07-16, 06:20","2025-07-16, 06:40","140ml, formula",,,140
Feeding,Bottle,"2025-07-16, 01:35","2025-07-16, 01:50","130ml, formula",,,130
Feeding,Bottle,"2025-07-15, 19:15","2025-07-15, 19:30","190ml, formula",,,190
Feeding,Bottle,"2025-07-15, 16:30","2025-07-15, 16:45","110ml, formula",,,110
Feeding,Bottle,"2025-07-15, 13:25","2025-07-15, 13:45","160ml, formula",,,160
Feeding,Bottle,"2025-07-15, 10:15","2025-07-15, 10:30","110ml, formula",,,110
Feeding,Bottle,"2025-07-15, 07:05","2025-07-15, 07:20","150ml, formula",,,150
Feeding,Bottle,"2025-07-15, 03:00","2025-07-15, 03:10","95ml, formula",,,95
Feeding,Bottle,"2025-07-14, 19:00","2025-07-14, 19:15","190ml, formula",,,190
Feeding,Bottle,"2025-07-14, 16:00","2025-07-14, 17:30","70ml, formula",,,70
Feeding,Bottle,"2025-07-14, 13:15","2025-07-14, 13:30","200ml, formula",,,200
Feeding,Bottle,"2025-07-14, 10:25","2025-07-14, 10:45","100ml, formula",,,100
Feeding,Bottle,"2025-07-14, 07:15","2025-07-14, 07:30","110ml, formula",,,110
Feeding,Bottle,"2025-07-14, 00:35","2025-07-14, 00:45","85ml, formula",,,85
Feeding,Bottle,"2025-07-13, 19:15","2025-07-13, 19:45","200ml, formula",,,200
Feeding,Bottle,"2025-07-13, 17:00","2025-07-13, 17:30","90ml, formula",,,90
Feeding,Bottle,"2025-07-13, 14:00","2025-07-13, 14:30","90ml, formula",,,90
Feeding,Bottle,"2025-07-13, 10:45","2025-07-13, 11:45","120ml, formula",,,120
Feeding,Bottle,"2025-07-13, 07:20","2025-07-13, 07:30","70ml, formula",,,70
Feeding,Bottle,"2025-07-13, 04:15","2025-07-13, 04:20","70ml, formula",,,70
Feeding,Bottle,"2025-07-12, 19:15","2025-07-12, 19:30","160ml, formula",,,160
Feeding,Bottle,"2025-07-12, 17:00","2025-07-12, 17:10","50ml, formula",,,50
Feeding,Bottle,"2025-07-12, 14:00","2025-07-12, 14:30","80ml, formula",,,80
Feeding,Bottle,"2025-07-12, 10:20","2025-07-12, 12:20","60ml, formula",,,60
Feeding,Bottle,"2025-07-12, 06:30","2025-07-12, 07:30","100ml, formula",,,100
Feeding,Bottle,"2025-07-12, 03:35","2025-07-12, 03:50","120ml, formula",,,120
Feeding,Bottle,"2025-07-12, 01:25","2025-07-12, 01:30","30ml, formula",,,30
Feeding,Bottle,"2025-07-11, 23:40","2025-07-11, 23:45","40ml, formula",,,40
Feeding,Bottle,"2025-07-11, 19:00","2025-07-11, 19:15","180ml, formula",,,180
Feeding,Bottle,"2025-07-11, 17:15","2025-07-11, 17:30","30ml, formula",,,30
Feeding,Bottle,"2025-07-11, 14:25","2025-07-11, 14:45","100ml, formula",,,100
Feeding,Bottle,"2025-07-11, 11:20","2025-07-11, 11:35","80ml, formula",,,80
Feeding,Bottle,"2025-07-11, 08:30","2025-07-11, 09:00","30ml, formula",,,30
Feeding,Bottle,"2025-07-11, 04:35","2025-07-11, 04:45","150ml, formula",,,150
Feeding,Bottle,"2025-07-11, 01:45","2025-07-11, 01:50","40ml, formula",,,40
Feeding,Bottle,"2025-07-10, 23:15","2025-07-10, 23:20","60ml, formula",,,60
Feeding,Bottle,"2025-07-10, 19:00","2025-07-10, 19:30","150ml, formula",,,150
Feeding,Bottle,"2025-07-10, 16:15","2025-07-10, 16:45","80ml, formula",,,80
Feeding,Bottle,"2025-07-10, 13:15","2025-07-10, 13:45","100ml, formula",,,100
Feeding,Bottle,"2025-07-10, 09:30","2025-07-10, 09:45","150ml, formula",,,150
Feeding,Bottle,"2025-07-10, 05:55","2025-07-10, 06:10","60ml, formula",,,60
Feeding,Bottle,"2025-07-10, 02:50","2025-07-10, 03:00","115ml, formula",,,115
Feeding,Bottle,"2025-07-09, 18:10","2025-07-09, 19:10","195ml, formula",,,195
Feeding,Bottle,"2025-07-09, 14:30","2025-07-09, 15:00","80ml, formula",,,80
Feeding,Bottle,"2025-07-09, 11:30","2025-07-09, 12:00","130ml, formula",,,130
Feeding,Bottle,"2025-07-09, 07:40","2025-07-09, 08:00","60ml, formula",,,60
Feeding,Bottle,"2025-07-09, 04:35","2025-07-09, 04:45","80ml, formula",,,80
Feeding,Bottle,"2025-07-09, 01:00","2025-07-09, 01:10","60ml, formula",,,60
Feeding,Bottle,"2025-07-08, 19:20","2025-07-08, 19:35","170ml, formula",,,170
Feeding,Bottle,"2025-07-08, 16:45","2025-07-08, 17:00","35ml, formula",,,35
Feeding,Bottle,"2025-07-08, 13:45","2025-07-08, 14:00","120ml, formula",,,120
Feeding,Bottle,"2025-07-08, 10:05","2025-07-08, 10:25","110ml, formula",,,110
Feeding,Bottle,"2025-07-08, 06:30","2025-07-08, 07:00","150ml, formula",,,150
Feeding,Bottle,"2025-07-08, 03:20","2025-07-08, 03:30","120ml, formula",,,120
Feeding,Bottle,"2025-07-07, 19:10","2025-07-07, 19:30","190ml, formula",,,190
Feeding,Bottle,"2025-07-07, 16:30","2025-07-07, 16:50","110ml, formula",,,110
Feeding,Bottle,"2025-07-07, 13:30","2025-07-07, 14:00","130ml, formula",,,130
Feeding,Bottle,"2025-07-07, 10:30","2025-07-07, 10:45","110ml, formula",,,110
Feeding,Bottle,"2025-07-07, 07:25","2025-07-07, 07:35","140ml, formula",,,140
Feeding,Bottle,"2025-07-07, 04:20","2025-07-07, 04:30","130ml, formula",,,130
Feeding,Bottle,"2025-07-06, 19:10","2025-07-06, 19:30","230ml, formula",,,230
Feeding,Bottle,"2025-07-06, 15:15","2025-07-06, 15:45","100ml, formula",,,100
Feeding,Bottle,"2025-07-06, 11:45","2025-07-06, 12:00","155ml, formula",,,155
Feeding,Bottle,"2025-07-06, 08:30","2025-07-06, 08:45","155ml, formula",,,155
Feeding,Bottle,"2025-07-06, 05:10","2025-07-06, 05:20","120ml, formula",,,120
Feeding,Bottle,"2025-07-06, 01:30","2025-07-06, 01:40","110ml, formula",,,110
Feeding,Bottle,"2025-07-05, 19:20","2025-07-05, 19:30","140ml, formula",,,140
Feeding,Bottle,"2025-07-05, 17:00","2025-07-05, 17:30","70ml, formula",,,70
Feeding,Bottle,"2025-07-05, 14:30","2025-07-05, 14:55","100ml, formula",,,100
Feeding,Bottle,"2025-07-05, 11:45","2025-07-05, 12:15","100ml, formula",,,100
Feeding,Bottle,"2025-07-05, 08:30","2025-07-05, 10:00","95ml, formula",,,95
Feeding,Bottle,"2025-07-05, 05:20","2025-07-05, 05:40","135ml, formula",,,135
Feeding,Bottle,"2025-07-05, 00:50","2025-07-05, 01:00","145ml, formula",,,145
Feeding,Bottle,"2025-07-04, 19:10","2025-07-04, 19:30","140ml, formula",,,140
Feeding,Bottle,"2025-07-04, 16:40","2025-07-04, 17:00","100ml, formula",,,100
Feeding,Bottle,"2025-07-04, 13:40","2025-07-04, 14:10","130ml, formula",,,130
Feeding,Bottle,"2025-07-04, 10:30","2025-07-04, 10:45","110ml, formula",,,110
Feeding,Bottle,"2025-07-04, 07:25","2025-07-04, 07:50","125ml, formula",,,125
Feeding,Bottle,"2025-07-04, 03:45","2025-07-04, 03:50","125ml, formula",,,125
Feeding,Bottle,"2025-07-03, 22:55","2025-07-03, 23:10","90ml, formula",,,90
Feeding,Bottle,"2025-07-03, 19:05","2025-07-03, 19:30","195ml, formula",,,195
Feeding,Bottle,"2025-07-03, 16:25","2025-07-03, 17:01","110ml, formula",,,110
Feeding,Bottle,"2025-07-03, 12:30","2025-07-03, 13:15","200ml, formula",,,200
Feeding,Bottle,"2025-07-03, 08:30","2025-07-03, 10:15","100ml, formula",,,100
Feeding,Bottle,"2025-07-03, 05:05","2025-07-03, 05:20","145ml, formula",,,145
Feeding,Bottle,"2025-07-02, 22:00","2025-07-02, 22:05","50ml, formula",,,50
Feeding,Bottle,"2025-07-02, 19:00","2025-07-02, 19:30","160ml, formula",,,160
Feeding,Bottle,"2025-07-02, 16:25","2025-07-02, 16:55","100ml, formula",,,100
Feeding,Bottle,"2025-07-02, 13:15","2025-07-02, 13:40","130ml, formula",,,130
Feeding,Bottle,"2025-07-02, 10:30","2025-07-02, 11:30","80ml, formula",,,80
Feeding,Bottle,"2025-07-02, 07:00","2025-07-02, 08:00","90ml, formula",,,90
Feeding,Bottle,"2025-07-02, 00:50","2025-07-02, 00:55","70ml, formula",,,70
Feeding,Bottle,"2025-07-01, 19:20","2025-07-01, 19:40","145ml, formula",,,145
Feeding,Bottle,"2025-07-01, 16:10","2025-07-01, 16:50","130ml, formula",,,130
Feeding,Bottle,"2025-07-01, 13:15","2025-07-01, 13:45","120ml, formula",,,120
Feeding,Bottle,"2025-07-01, 09:45","2025-07-01, 10:30","120ml, formula",,,120
Feeding,Bottle,"2025-07-01, 06:35","2025-07-01, 06:45","80ml, formula",,,80
Feeding,Bottle,"2025-07-01, 00:05","2025-07-01, 00:10","65ml, formula",,,65
Feeding,Bottle,"2025-06-30, 19:30","2025-06-30, 19:50","140ml, formula",,,140
Feeding,Bottle,"2025-06-30, 17:20","2025-06-30, 17:40","100ml, formula",,,100
Feeding,Bottle,"2025-06-30, 13:10","2025-06-30, 13:50","120ml, formula",,,120
Feeding,Bottle,"2025-06-30, 10:10","2025-06-30, 11:00","80ml, formula",,,80
Feeding,Bottle,"2025-06-30, 06:30","2025-06-30, 07:30","110ml, formula",,,110
Feeding,Bottle,"2025-06-30, 00:25","2025-06-30, 00:40","80ml, formula",,,80
Feeding,Bottle,"2025-06-29, 19:30","2025-06-29, 20:00","180ml, formula",,,180
Feeding,Bottle,"2025-06-29, 17:00","2025-06-29, 17:45","90ml, formula",,,90
Feeding,Bottle,"2025-06-29, 14:00","2025-06-29, 14:20","90ml, formula",,,90
Feeding,Bottle,"2025-06-29, 11:30","2025-06-29, 12:00","130ml, formula",,,130
Feeding,Bottle,"2025-06-29, 07:45","2025-06-29, 08:00","150ml, formula",,,150
Feeding,Bottle,"2025-06-29, 02:35","2025-06-29, 02:45","160ml, formula",,,160
Feeding,Bottle,"2025-06-28, 19:35","2025-06-28, 20:00","170ml, formula",,,170
Feeding,Bottle,"2025-06-28, 17:00","2025-06-28, 17:15","110ml, formula",,,110
Feeding,Bottle,"2025-06-28, 13:45","2025-06-28, 14:45","100ml, formula",,,100
Feeding,Bottle,"2025-06-28, 10:20","2025-06-28, 10:40","130ml, formula",,,130
Feeding,Bottle,"2025-06-28, 07:20","2025-06-28, 07:40","145ml, formula",,,145
Feeding,Bottle,"2025-06-28, 00:50","2025-06-28, 01:05","80ml, formula",,,80
Feeding,Bottle,"2025-06-27, 19:45","2025-06-27, 20:00","225ml, formula",,,225
Feeding,Bottle,"2025-06-27, 16:50","2025-06-27, 17:10","110ml, formula",,,110
Feeding,Bottle,"2025-06-27, 13:55","2025-06-27, 14:10","130ml, formula",,,130
Feeding,Bottle,"2025-06-27, 10:55","2025-06-27, 11:50","90ml, formula",,,90
Feeding,Bottle,"2025-06-27, 06:55","2025-06-27, 07:15","160ml, formula",,,160
Feeding,Bottle,"2025-06-27, 01:20","2025-06-27, 01:25","85ml, formula",,,85
Feeding,Bottle,"2025-06-26, 19:30","2025-06-26, 20:00","220ml, formula",,,220
Feeding,Bottle,"2025-06-26, 17:15","2025-06-26, 17:30","40ml, formula",,,40
Feeding,Bottle,"2025-06-26, 14:20","2025-06-26, 15:00","200ml, formula",,,200
Feeding,Bottle,"2025-06-26, 10:25","2025-06-26, 11:00","90ml, formula",,,90
Feeding,Bottle,"2025-06-26, 07:25","2025-06-26, 07:45","130ml, formula",,,130
Feeding,Bottle,"2025-06-26, 02:50","2025-06-26, 03:05","120ml, formula",,,120
Feeding,Bottle,"2025-06-25, 19:40","2025-06-25, 20:00","140ml, formula",,,140
Feeding,Bottle,"2025-06-25, 16:35","2025-06-25, 17:00","110ml, formula",,,110
Feeding,Bottle,"2025-06-25, 12:50","2025-06-25, 13:05","110ml, formula",,,110
Feeding,Bottle,"2025-06-25, 09:40","2025-06-25, 10:00","110ml, formula",,,110
Feeding,Bottle,"2025-06-25, 06:40","2025-06-25, 07:00","120ml, formula",,,120
Feeding,Bottle,"2025-06-25, 00:30","2025-06-25, 00:40","110ml, formula",,,110
Feeding,Bottle,"2025-06-24, 19:40","2025-06-24, 20:00","180ml, formula",,,180
Feeding,Bottle,"2025-06-24, 16:50","2025-06-24, 17:10","145ml, formula",,,145
Feeding,Bottle,"2025-06-24, 13:40","2025-06-24, 14:00","145ml, formula",,,145
Feeding,Bottle,"2025-06-24, 10:50","2025-06-24, 11:23","100ml, formula",,,100
Feeding,Bottle,"2025-06-24, 07:45","2025-06-24, 08:10","110ml, formula",,,110
Feeding,Bottle,"2025-06-24, 04:40","2025-06-24, 04:50","150ml, formula",,,150
Feeding,Bottle,"2025-06-23, 22:50","2025-06-23, 23:05","110ml, formula",,,110
Feeding,Bottle,"2025-06-23, 19:40","2025-06-23, 20:00","90ml, formula",,,90
Feeding,Bottle,"2025-06-23, 17:10","2025-06-23, 17:30","130ml, formula",,,130
Feeding,Bottle,"2025-06-23, 14:15","2025-06-23, 14:30","150ml, formula",,,150
Feeding,Bottle,"2025-06-23, 11:15","2025-06-23, 12:00","110ml, formula",,,110
Feeding,Bottle,"2025-06-23, 07:25","2025-06-23, 07:40","130ml, formula",,,130
Feeding,Bottle,"2025-06-22, 23:30","2025-06-22, 23:35","70ml, formula",,,70
Feeding,Bottle,"2025-06-22, 19:35","2025-06-22, 20:00","180ml, formula",,,180
Feeding,Bottle,"2025-06-22, 16:25","2025-06-22, 17:00","150ml, formula",,,150
Feeding,Bottle,"2025-06-22, 13:20","2025-06-22, 14:26","160ml, formula",,,160
Feeding,Bottle,"2025-06-22, 10:30","2025-06-22, 10:40","95ml, formula",,,95
Feeding,Bottle,"2025-06-22, 07:25","2025-06-22, 07:40","120ml, formula",,,120
Feeding,Bottle,"2025-06-22, 01:25","2025-06-22, 01:55","130ml, formula",,,130
Feeding,Bottle,"2025-06-21, 19:45","2025-06-21, 20:15","180ml, formula",,,180
Feeding,Bottle,"2025-06-21, 17:05","2025-06-21, 17:25","130ml, formula",,,130
Feeding,Bottle,"2025-06-21, 14:05","2025-06-21, 14:45","130ml, formula",,,130
Feeding,Bottle,"2025-06-21, 10:25","2025-06-21, 12:00","110ml, formula",,,110
Feeding,Bottle,"2025-06-21, 07:30","2025-06-21, 07:50","150ml, formula",,,150
Feeding,Bottle,"2025-06-21, 02:05","2025-06-21, 02:15","120ml, formula",,,120
Feeding,Bottle,"2025-06-20, 19:30","2025-06-20, 20:00","160ml, formula",,,160
Feeding,Bottle,"2025-06-20, 17:15","2025-06-20, 17:35","140ml, formula",,,140
Feeding,Bottle,"2025-06-20, 14:10","2025-06-20, 14:45","150ml, formula",,,150
Feeding,Bottle,"2025-06-20, 09:55","2025-06-20, 10:25","140ml, formula",,,140
Feeding,Bottle,"2025-06-20, 06:55","2025-06-20, 07:25","140ml, formula",,,140
Feeding,Bottle,"2025-06-19, 19:10","2025-06-19, 19:30","200ml, formula",,,200
Feeding,Bottle,"2025-06-19, 16:05","2025-06-19, 16:55","150ml, formula",,,150
Feeding,Bottle,"2025-06-19, 12:35","2025-06-19, 13:25","130ml, formula",,,130
Feeding,Bottle,"2025-06-19, 09:00","2025-06-19, 09:40","160ml, formula",,,160
Feeding,Bottle,"2025-06-19, 05:50","2025-06-19, 06:00","130ml, formula",,,130
Feeding,Bottle,"2025-06-18, 19:35","2025-06-18, 19:45","130ml, formula",,,130
Feeding,Bottle,"2025-06-18, 16:15","2025-06-18, 16:45","130ml, formula",,,130
Feeding,Bottle,"2025-06-18, 12:55","2025-06-18, 13:25","130ml, formula",,,130
Feeding,Bottle,"2025-06-18, 09:15","2025-06-18, 09:25","110ml, formula",,,110
Feeding,Bottle,"2025-06-18, 05:20","2025-06-18, 05:40","110ml, formula",,,110
Feeding,Bottle,"2025-06-18, 00:20","2025-06-18, 00:30","110ml, formula",,,110
Feeding,Bottle,"2025-06-17, 19:20","2025-06-17, 19:35","180ml, formula",,,180
Feeding,Bottle,"2025-06-17, 16:30","2025-06-17, 16:52","125ml, formula",,,125
Feeding,Bottle,"2025-06-17, 13:15","2025-06-17, 13:45","140ml, formula",,,140
Feeding,Bottle,"2025-06-17, 09:35","2025-06-17, 10:45","120ml, formula",,,120
Feeding,Bottle,"2025-06-17, 06:30","2025-06-17, 06:40","90ml, formula",,,90
Feeding,Bottle,"2025-06-17, 01:05","2025-06-17, 01:15","100ml, formula",,,100
Feeding,Bottle,"2025-06-16, 19:05","2025-06-16, 19:30","230ml, formula",,,230
Feeding,Bottle,"2025-06-16, 16:15","2025-06-16, 16:45","120ml, formula",,,120
Feeding,Bottle,"2025-06-16, 12:45","2025-06-16, 13:00","150ml, formula",,,150
Feeding,Bottle,"2025-06-16, 09:00","2025-06-16, 10:15","145ml, formula",,,145
Feeding,Bottle,"2025-06-16, 05:35","2025-06-16, 05:45","80ml, formula",,,80
Feeding,Bottle,"2025-06-15, 23:35","2025-06-15, 23:45","130ml, formula",,,130
Feeding,Bottle,"2025-06-15, 18:55","2025-06-15, 19:15","160ml, formula",,,160
Feeding,Bottle,"2025-06-15, 15:45","2025-06-15, 16:00","155ml, formula",,,155
Feeding,Bottle,"2025-06-15, 12:30","2025-06-15, 13:15","110ml, formula",,,110
Feeding,Bottle,"2025-06-15, 09:10","2025-06-15, 09:30","90ml, formula",,,90
Feeding,Bottle,"2025-06-15, 06:10","2025-06-15, 06:20","130ml, formula",,,130
Feeding,Bottle,"2025-06-15, 00:30","2025-06-15, 00:40","90ml, formula",,,90
Feeding,Bottle,"2025-06-14, 19:45","2025-06-14, 20:00","130ml, formula",,,130
Feeding,Bottle,"2025-06-14, 16:45","2025-06-14, 17:05","140ml, formula",,,140
Feeding,Bottle,"2025-06-14, 13:30","2025-06-14, 14:00","110ml, formula",,,110
Feeding,Bottle,"2025-06-14, 10:30","2025-06-14, 11:00","100ml, formula",,,100
Feeding,Bottle,"2025-06-14, 06:50","2025-06-14, 07:15","140ml, formula",,,140
Feeding,Bottle,"2025-06-14, 01:40","2025-06-14, 01:45","120ml, formula",,,120
Feeding,Bottle,"2025-06-13, 18:55","2025-06-13, 19:05","120ml, formula",,,120
Feeding,Bottle,"2025-06-13, 16:00","2025-06-13, 16:15","130ml, formula",,,130
Feeding,Bottle,"2025-06-13, 12:30","2025-06-13, 14:30","100ml, formula",,,100
Feeding,Bottle,"2025-06-13, 09:25","2025-06-13, 09:35","150ml, formula",,,150
Feeding,Bottle,"2025-06-13, 06:10","2025-06-13, 06:15","110ml, formula",,,110
Feeding,Bottle,"2025-06-13, 01:45","2025-06-13, 02:00","160ml, formula",,,160
Feeding,Bottle,"2025-06-12, 19:35","2025-06-12, 19:50","155ml, formula",,,155
Feeding,Bottle,"2025-06-12, 16:15","2025-06-12, 16:30","105ml, formula",,,105
Feeding,Bottle,"2025-06-12, 13:00","2025-06-12, 13:50","120ml, formula",,,120
Feeding,Bottle,"2025-06-12, 09:10","2025-06-12, 09:35","160ml, formula",,,160
Feeding,Bottle,"2025-06-12, 06:00","2025-06-12, 06:15","145ml, formula",,,145
Feeding,Bottle,"2025-06-12, 01:00","2025-06-12, 01:25","130ml, formula",,,130
Feeding,Bottle,"2025-06-11, 17:50","2025-06-11, 18:50","160ml, formula",,,160
Feeding,Bottle,"2025-06-11, 14:30","2025-06-11, 15:00","160ml, formula",,,160
Feeding,Bottle,"2025-06-11, 11:30","2025-06-11, 11:45","110ml, formula",,,110
Feeding,Bottle,"2025-06-11, 08:30","2025-06-11, 08:50","130ml, formula",,,130
Feeding,Bottle,"2025-06-11, 05:40","2025-06-11, 05:50","130ml, formula",,,130
Feeding,Bottle,"2025-06-11, 02:30","2025-06-11, 02:40","60ml, formula",,,60
Feeding,Bottle,"2025-06-10, 22:05","2025-06-10, 22:10","100ml, formula",,,100
Feeding,Bottle,"2025-06-10, 19:40","2025-06-10, 19:55","90ml, formula",,,90
Feeding,Bottle,"2025-06-10, 16:50","2025-06-10, 17:00","130ml, formula",,,130
Feeding,Bottle,"2025-06-10, 13:50","2025-06-10, 14:20","110ml, formula",,,110
Feeding,Bottle,"2025-06-10, 10:10","2025-06-10, 10:50","110ml, formula",,,110
Feeding,Bottle,"2025-06-10, 07:00","2025-06-10, 07:55","155ml, formula",,,155
Feeding,Bottle,"2025-06-10, 03:35","2025-06-10, 03:45","130ml, formula",,,130
Feeding,Bottle,"2025-06-09, 18:45","2025-06-09, 19:00","100ml, formula",,,100
Feeding,Bottle,"2025-06-09, 15:45","2025-06-09, 16:00","155ml, formula",,,155
Feeding,Bottle,"2025-06-09, 12:45","2025-06-09, 13:15","90ml, formula",,,90
Feeding,Bottle,"2025-06-09, 08:30","2025-06-09, 08:50","80ml, formula",,,80
Feeding,Bottle,"2025-06-09, 04:35","2025-06-09, 04:45","100ml, formula",,,100
Feeding,Bottle,"2025-06-08, 22:30","2025-06-08, 22:45","105ml, formula",,,105
Feeding,Bottle,"2025-06-08, 18:55","2025-06-08, 19:05","90ml, formula",,,90
Feeding,Bottle,"2025-06-08, 15:45","2025-06-08, 16:20","140ml, formula",,,140
Feeding,Bottle,"2025-06-08, 12:10","2025-06-08, 13:10","155ml, formula",,,155
Feeding,Bottle,"2025-06-08, 08:40","2025-06-08, 08:50","130ml, formula",,,130
Feeding,Bottle,"2025-06-08, 04:50","2025-06-08, 05:00","110ml, formula",,,110
Feeding,Bottle,"2025-06-07, 19:10","2025-06-07, 19:50","120ml, formula",,,120
Feeding,Bottle,"2025-06-07, 16:00","2025-06-07, 16:40","120ml, formula",,,120
Feeding,Bottle,"2025-06-07, 12:35","2025-06-07, 13:30","130ml, formula",,,130
Feeding,Bottle,"2025-06-07, 09:20","2025-06-07, 10:00","125ml, formula",,,125
Feeding,Bottle,"2025-06-07, 06:10","2025-06-07, 06:30","140ml, formula",,,140
Feeding,Bottle,"2025-06-07, 02:15","2025-06-07, 02:25","120ml, formula",,,120
Feeding,Bottle,"2025-06-06, 19:55","2025-06-06, 20:10","160ml, formula",,,160
Feeding,Bottle,"2025-06-06, 17:15","2025-06-06, 17:25","150ml, formula",,,150
Feeding,Bottle,"2025-06-06, 14:20","2025-06-06, 14:45","110ml, formula",,,110
Feeding,Bottle,"2025-06-06, 11:00","2025-06-06, 12:00","110ml, formula",,,110
Feeding,Bottle,"2025-06-06, 06:30","2025-06-06, 06:45","100ml, formula",,,100
Feeding,Bottle,"2025-06-06, 03:10","2025-06-06, 03:20","160ml, formula",,,160
Feeding,Bottle,"2025-06-05, 19:50","2025-06-05, 20:10","140ml, formula",,,140
Feeding,Bottle,"2025-06-05, 17:10","2025-06-05, 17:40","130ml, formula",,,130
Feeding,Bottle,"2025-06-05, 13:00","2025-06-05, 13:30","120ml, formula",,,120
Feeding,Bottle,"2025-06-05, 10:00","2025-06-05, 10:35","110ml, formula",,,110
Feeding,Bottle,"2025-06-05, 06:45","2025-06-05, 07:00","145ml, formula",,,145
Feeding,Bottle,"2025-06-05, 02:15","2025-06-05, 02:25","140ml, formula",,,140
Feeding,Bottle,"2025-06-04, 18:45","2025-06-04, 19:05","145ml, formula",,,145
Feeding,Bottle,"2025-06-04, 15:40","2025-06-04, 16:10","130ml, formula",,,130
Feeding,Bottle,"2025-06-04, 12:30","2025-06-04, 13:00","100ml, formula",,,100
Feeding,Bottle,"2025-06-04, 08:45","2025-06-04, 09:00","100ml, formula",,,100
Feeding,Bottle,"2025-06-04, 05:15","2025-06-04, 05:30","135ml, formula",,,135
Feeding,Bottle,"2025-06-03, 23:55","2025-06-04, 00:00","120ml, formula",,,120
Feeding,Bottle,"2025-06-03, 18:50","2025-06-03, 19:05","140ml, formula",,,140
Feeding,Bottle,"2025-06-03, 16:00","2025-06-03, 16:30","100ml, formula",,,100
Feeding,Bottle,"2025-06-03, 13:00","2025-06-03, 13:25","100ml, formula",,,100
Feeding,Bottle,"2025-06-03, 09:00","2025-06-03, 10:15","120ml, formula",,,120
Feeding,Bottle,"2025-06-03, 05:20","2025-06-03, 05:40","160ml, formula",,,160
Feeding,Bottle,"2025-06-03, 01:15","2025-06-03, 01:25","160ml, formula",,,160
Feeding,Bottle,"2025-06-02, 18:45","2025-06-02, 19:00","100ml, formula",,,100
Feeding,Bottle,"2025-06-02, 15:50","2025-06-02, 16:05","120ml, formula",,,120
Feeding,Bottle,"2025-06-02, 12:45","2025-06-02, 13:15","120ml, formula",,,120
Feeding,Bottle,"2025-06-02, 09:25","2025-06-02, 09:45","90ml, formula",,,90
Feeding,Bottle,"2025-06-02, 06:15","2025-06-02, 06:30","130ml, formula",,,130
Feeding,Bottle,"2025-06-02, 00:35","2025-06-02, 00:44","120ml, formula",,,120
Feeding,Bottle,"2025-06-01, 19:55","2025-06-01, 20:10","110ml, formula",,,110
Feeding,Bottle,"2025-06-01, 16:40","2025-06-01, 17:00","130ml, formula",,,130
Feeding,Bottle,"2025-06-01, 13:10","2025-06-01, 13:30","130ml, formula",,,130
Feeding,Bottle,"2025-06-01, 10:10","2025-06-01, 10:30","110ml, formula",,,110
Feeding,Bottle,"2025-06-01, 06:40","2025-06-01, 07:00","150ml, formula",,,150
Feeding,Bottle,"2025-06-01, 00:30","2025-06-01, 00:40","100ml, formula",,,100
Feeding,Bottle,"2025-05-31, 18:30","2025-05-31, 18:40","150ml, formula",,,150
Feeding,Bottle,"2025-05-31, 15:25","2025-05-31, 15:35","110ml, formula",,,110
Feeding,Bottle,"2025-05-31, 12:30","2025-05-31, 12:45","130ml, formula",,,130
Feeding,Bottle,"2025-05-31, 09:30","2025-05-31, 09:40","90ml, formula",,,90
Feeding,Bottle,"2025-05-31, 06:00","2025-05-31, 06:15","110ml, formula",,,110
Feeding,Bottle,"2025-05-31, 01:05","2025-05-31, 01:10","100ml, formula",,,100
Feeding,Bottle,"2025-05-30, 19:30","2025-05-30, 19:45","120ml, formula",,,120
Feeding,Bottle,"2025-05-30, 16:45","2025-05-30, 16:55","120ml, formula",,,120
Feeding,Bottle,"2025-05-30, 13:25","2025-05-30, 13:35","120ml, formula",,,120
Feeding,Bottle,"2025-05-30, 10:40","2025-05-30, 10:50","100ml, formula",,,100
Feeding,Bottle,"2025-05-30, 07:30","2025-05-30, 07:45","150ml, formula",,,150
Feeding,Bottle,"2025-05-30, 02:50","2025-05-30, 03:00","100ml, formula",,,100
Feeding,Bottle,"2025-05-29, 22:50","2025-05-29, 23:00","90ml, formula",,,90
Feeding,Bottle,"2025-05-29, 19:40","2025-05-29, 19:50","160ml, formula",,,160
Feeding,Bottle,"2025-05-29, 16:45","2025-05-29, 17:00","100ml, formula",,,100
Feeding,Bottle,"2025-05-29, 13:15","2025-05-29, 13:35","150ml, formula",,,150
Feeding,Bottle,"2025-05-29, 09:15","2025-05-29, 10:15","95ml, formula",,,95
Feeding,Bottle,"2025-05-29, 06:05","2025-05-29, 06:25","100ml, formula",,,100
Feeding,Bottle,"2025-05-28, 22:45","2025-05-28, 23:24","70ml, formula",,,70
Feeding,Bottle,"2025-05-28, 19:00","2025-05-28, 19:30","150ml, formula",,,150
Feeding,Bottle,"2025-05-28, 15:20","2025-05-28, 15:35","135ml, formula",,,135
Feeding,Bottle,"2025-05-28, 11:10","2025-05-28, 11:45","135ml, formula",,,135
Feeding,Bottle,"2025-05-28, 07:55","2025-05-28, 09:00","75ml, formula",,,75
Feeding,Bottle,"2025-05-28, 03:50","2025-05-28, 04:00","120ml, formula",,,120
Feeding,Bottle,"2025-05-27, 23:15","2025-05-27, 23:30","90ml, formula",,,90
Feeding,Bottle,"2025-05-27, 19:15","2025-05-27, 19:30","130ml, formula",,,130
Feeding,Bottle,"2025-05-27, 16:15","2025-05-27, 17:00","70ml, formula",,,70
Feeding,Bottle,"2025-05-27, 12:40","2025-05-27, 13:15","120ml, formula",,,120
Feeding,Bottle,"2025-05-27, 09:20","2025-05-27, 10:20","120ml, formula",,,120
Feeding,Bottle,"2025-05-27, 06:20","2025-05-27, 06:30","130ml, formula",,,130
Feeding,Bottle,"2025-05-26, 23:50","2025-05-27, 00:00","110ml, formula",,,110
Feeding,Bottle,"2025-05-26, 20:05","2025-05-26, 20:15","50ml, formula",,,50
Feeding,Bottle,"2025-05-26, 17:00","2025-05-26, 17:20","160ml, formula",,,160
Feeding,Bottle,"2025-05-26, 14:00","2025-05-26, 15:00","70ml, formula",,,70
Feeding,Bottle,"2025-05-26, 09:40","2025-05-26, 11:40","110ml, formula",,,110
Feeding,Bottle,"2025-05-26, 06:35","2025-05-26, 06:45","160ml, formula",,,160
Feeding,Bottle,"2025-05-25, 23:40","2025-05-25, 23:50","90ml, formula",,,90
Feeding,Bottle,"2025-05-25, 18:45","2025-05-25, 19:05","210ml, formula",,,210
Feeding,Bottle,"2025-05-25, 15:45","2025-05-25, 15:55","100ml, formula",,,100
Feeding,Bottle,"2025-05-25, 12:10","2025-05-25, 13:40","120ml, formula",,,120
Feeding,Bottle,"2025-05-25, 08:45","2025-05-25, 09:00","160ml, formula",,,160
Feeding,Bottle,"2025-05-25, 04:50","2025-05-25, 05:05","160ml, formula",,,160
Feeding,Bottle,"2025-05-24, 19:00","2025-05-24, 20:00","160ml, formula",,,160
Feeding,Bottle,"2025-05-24, 15:30","2025-05-24, 16:30","150ml, formula",,,150
Feeding,Bottle,"2025-05-24, 12:30","2025-05-24, 13:15","100ml, formula",,,100
Feeding,Bottle,"2025-05-24, 08:45","2025-05-24, 09:15","110ml, formula",,,110
Feeding,Bottle,"2025-05-24, 05:20","2025-05-24, 05:35","150ml, formula",,,150
Feeding,Bottle,"2025-05-23, 23:40","2025-05-23, 23:45","75ml, formula",,,75
Feeding,Bottle,"2025-05-23, 19:30","2025-05-23, 20:00","130ml, formula",,,130
Feeding,Bottle,"2025-05-23, 16:40","2025-05-23, 17:20","130ml, formula",,,130
Feeding,Bottle,"2025-05-23, 13:35","2025-05-23, 14:05","140ml, formula",,,140
Feeding,Bottle,"2025-05-23, 09:40","2025-05-23, 09:55","130ml, formula",,,130
Feeding,Bottle,"2025-05-23, 06:35","2025-05-23, 06:45","130ml, formula",,,130
Feeding,Bottle,"2025-05-22, 23:45","2025-05-22, 23:55","150ml, formula",,,150
Feeding,Bottle,"2025-05-22, 18:25","2025-05-22, 18:55","150ml, formula",,,150
Feeding,Bottle,"2025-05-22, 15:10","2025-05-22, 15:40","90ml, formula",,,90
Feeding,Bottle,"2025-05-22, 12:00","2025-05-22, 12:30","100ml, formula",,,100
Feeding,Bottle,"2025-05-22, 08:20","2025-05-22, 09:15","90ml, formula",,,90
Feeding,Bottle,"2025-05-22, 04:00","2025-05-22, 04:15","160ml, formula",,,160
Feeding,Bottle,"2025-05-21, 23:55","2025-05-22, 00:05","150ml, formula",,,150
Feeding,Bottle,"2025-05-21, 18:10","2025-05-21, 19:10","150ml, formula",,,150
Feeding,Bottle,"2025-05-21, 14:50","2025-05-21, 15:20","130ml, formula",,,130
Feeding,Bottle,"2025-05-21, 11:35","2025-05-21, 12:00","160ml, formula",,,160
Feeding,Bottle,"2025-05-21, 08:30","2025-05-21, 08:50","140ml, formula",,,140
Feeding,Bottle,"2025-05-21, 04:05","2025-05-21, 04:35","120ml, formula",,,120
Feeding,Bottle,"2025-05-20, 23:10","2025-05-20, 23:15","110ml, formula",,,110
Feeding,Bottle,"2025-05-20, 18:35","2025-05-20, 18:45","160ml, formula",,,160
Feeding,Bottle,"2025-05-20, 15:05","2025-05-20, 15:35","130ml, formula",,,130
Feeding,Bottle,"2025-05-20, 12:15","2025-05-20, 12:30","145ml, formula",,,145
Feeding,Bottle,"2025-05-20, 09:00","2025-05-20, 09:25","130ml, formula",,,130
Feeding,Bottle,"2025-05-20, 05:20","2025-05-20, 05:35","125ml, formula",,,125
Feeding,Bottle,"2025-05-19, 22:40","2025-05-19, 22:50","80ml, formula",,,80
Feeding,Bottle,"2025-05-19, 18:10","2025-05-19, 19:15","155ml, formula",,,155
Feeding,Bottle,"2025-05-19, 15:10","2025-05-19, 15:30","155ml, formula",,,155
Feeding,Bottle,"2025-05-19, 12:05","2025-05-19, 12:20","140ml, formula",,,140
Feeding,Bottle,"2025-05-19, 08:30","2025-05-19, 09:00","130ml, formula",,,130
Feeding,Bottle,"2025-05-19, 04:55","2025-05-19, 05:10","150ml, formula",,,150
Feeding,Bottle,"2025-05-18, 23:10","2025-05-18, 23:20","130ml, formula",,,130
Feeding,Bottle,"2025-05-18, 18:15","2025-05-18, 18:30","150ml, formula",,,150
Feeding,Bottle,"2025-05-18, 15:10","2025-05-18, 15:40","145ml, formula",,,145
Feeding,Bottle,"2025-05-18, 12:10","2025-05-18, 12:40","145ml, formula",,,145
Feeding,Bottle,"2025-05-18, 08:25","2025-05-18, 08:45","150ml, formula",,,150
Feeding,Bottle,"2025-05-18, 04:25","2025-05-18, 04:35","140ml, formula",,,140
Feeding,Bottle,"2025-05-17, 23:20","2025-05-17, 23:25","110ml, formula",,,110
Feeding,Bottle,"2025-05-17, 18:30","2025-05-17, 19:00","155ml, formula",,,155
Feeding,Bottle,"2025-05-17, 15:20","2025-05-17, 15:30","145ml, formula",,,145
Feeding,Bottle,"2025-05-17, 12:20","2025-05-17, 13:25","150ml, formula",,,150
Feeding,Bottle,"2025-05-17, 08:50","2025-05-17, 09:10","150ml, formula",,,150
Feeding,Bottle,"2025-05-17, 05:25","2025-05-17, 05:35","150ml, formula",,,150
Feeding,Bottle,"2025-05-16, 19:50","2025-05-16, 21:00","160ml, formula",,,160
Feeding,Bottle,"2025-05-16, 16:45","2025-05-16, 17:00","150ml, formula",,,150
Feeding,Bottle,"2025-05-16, 14:00","2025-05-16, 14:15","130ml, formula",,,130
Feeding,Bottle,"2025-05-16, 10:25","2025-05-16, 10:40","160ml, formula",,,160
Feeding,Bottle,"2025-05-16, 07:35","2025-05-16, 07:50","160ml, formula",,,160
Feeding,Bottle,"2025-05-16, 02:00","2025-05-16, 02:10","140ml, formula",,,140
Feeding,Bottle,"2025-05-15, 19:25","2025-05-15, 19:35","120ml, formula",,,120
Feeding,Bottle,"2025-05-15, 16:25","2025-05-15, 16:45","150ml, formula",,,150
Feeding,Bottle,"2025-05-15, 13:20","2025-05-15, 13:50","130ml, formula",,,130
Feeding,Bottle,"2025-05-15, 09:30","2025-05-15, 09:50","120ml, formula",,,120
Feeding,Bottle,"2025-05-15, 06:20","2025-05-15, 06:35","135ml, formula",,,135
Feeding,Bottle,"2025-05-15, 01:50","2025-05-15, 02:00","150ml, formula",,,150
Feeding,Bottle,"2025-05-14, 18:55","2025-05-14, 19:10","160ml, formula",,,160
Feeding,Bottle,"2025-05-14, 15:45","2025-05-14, 16:00","150ml, formula",,,150
Feeding,Bottle,"2025-05-14, 12:45","2025-05-14, 13:05","150ml, formula",,,150
Feeding,Bottle,"2025-05-14, 09:35","2025-05-14, 10:05","85ml, formula",,,85
Feeding,Bottle,"2025-05-14, 06:35","2025-05-14, 06:50","130ml, formula",,,130
Feeding,Bottle,"2025-05-14, 00:10","2025-05-14, 00:20","130ml, formula",,,130
Feeding,Bottle,"2025-05-13, 18:25","2025-05-13, 18:45","150ml, formula",,,150
Feeding,Bottle,"2025-05-13, 15:00","2025-05-13, 15:10","140ml, formula",,,140
Feeding,Bottle,"2025-05-13, 11:40","2025-05-13, 11:50","140ml, formula",,,140
Feeding,Bottle,"2025-05-13, 08:10","2025-05-13, 08:30","120ml, formula",,,120
Feeding,Bottle,"2025-05-13, 03:05","2025-05-13, 03:18","150ml, formula",,,150
Feeding,Bottle,"2025-05-12, 19:25","2025-05-12, 19:35","120ml, formula",,,120
Feeding,Bottle,"2025-05-12, 16:40","2025-05-12, 17:00","120ml, formula",,,120
Feeding,Bottle,"2025-05-12, 13:20","2025-05-12, 13:35","140ml, formula",,,140
Feeding,Bottle,"2025-05-12, 09:45","2025-05-12, 10:00","120ml, formula",,,120
Feeding,Bottle,"2025-05-12, 06:25","2025-05-12, 06:35","155ml, formula",,,155
Feeding,Bottle,"2025-05-12, 02:15","2025-05-12, 02:25","110ml, formula",,,110
Feeding,Bottle,"2025-05-11, 20:15","2025-05-11, 20:35","140ml, formula",,,140
Feeding,Bottle,"2025-05-11, 17:20","2025-05-11, 17:30","130ml, formula",,,130
Feeding,Bottle,"2025-05-11, 13:45","2025-05-11, 14:00","130ml, formula",,,130
Feeding,Bottle,"2025-05-11, 10:10","2025-05-11, 10:30","110ml, formula",,,110
Feeding,Bottle,"2025-05-11, 07:15","2025-05-11, 07:35","90ml, formula",,,90
Feeding,Bottle,"2025-05-11, 03:00","2025-05-11, 03:15","120ml, formula",,,120
Feeding,Bottle,"2025-05-10, 19:50","2025-05-10, 20:00","130ml, formula",,,130
Feeding,Bottle,"2025-05-10, 16:50","2025-05-10, 17:10","130ml, formula",,,130
Feeding,Bottle,"2025-05-10, 13:30","2025-05-10, 13:45","110ml, formula",,,110
Feeding,Bottle,"2025-05-10, 10:30","2025-05-10, 11:00","90ml, formula",,,90
Feeding,Bottle,"2025-05-10, 07:35","2025-05-10, 07:50","140ml, formula",,,140
Feeding,Bottle,"2025-05-10, 03:40","2025-05-10, 03:50","150ml, formula",,,150
Feeding,Bottle,"2025-05-09, 20:35","2025-05-09, 20:40","70ml, formula",,,70
Feeding,Bottle,"2025-05-09, 17:30","2025-05-09, 17:45","120ml, formula",,,120
Feeding,Bottle,"2025-05-09, 13:35","2025-05-09, 14:00","150ml, formula",,,150
Feeding,Bottle,"2025-05-09, 09:35","2025-05-09, 09:45","90ml, formula",,,90
Feeding,Bottle,"2025-05-09, 06:30","2025-05-09, 06:50","130ml, formula",,,130
Feeding,Bottle,"2025-05-09, 02:20","2025-05-09, 02:35","150ml, formula",,,150
Feeding,Bottle,"2025-05-08, 22:45","2025-05-08, 23:00","90ml, formula",,,90
Feeding,Bottle,"2025-05-08, 18:45","2025-05-08, 19:00","130ml, formula",,,130
Feeding,Bottle,"2025-05-08, 16:05","2025-05-08, 16:30","130ml, formula",,,130
Feeding,Bottle,"2025-05-08, 12:40","2025-05-08, 13:00","110ml, formula",,,110
Feeding,Bottle,"2025-05-08, 08:50","2025-05-08, 09:10","80ml, formula",,,80
Feeding,Bottle,"2025-05-08, 04:05","2025-05-08, 04:25","140ml, formula",,,140
Feeding,Bottle,"2025-05-07, 22:55","2025-05-07, 23:05","90ml, formula",,,90
Feeding,Bottle,"2025-05-07, 18:45","2025-05-07, 19:00","145ml, formula",,,145
Feeding,Bottle,"2025-05-07, 15:25","2025-05-07, 15:40","160ml, formula",,,160
Feeding,Bottle,"2025-05-07, 12:00","2025-05-07, 12:15","100ml, formula",,,100
Feeding,Bottle,"2025-05-07, 09:00","2025-05-07, 09:15","100ml, formula",,,100
Feeding,Bottle,"2025-05-07, 05:45","2025-05-07, 06:00","120ml, formula",,,120
Feeding,Bottle,"2025-05-07, 00:15","2025-05-07, 00:30","150ml, formula",,,150
Feeding,Bottle,"2025-05-06, 17:30","2025-05-06, 17:45","100ml, formula",,,100
Feeding,Bottle,"2025-05-06, 14:10","2025-05-06, 14:20","150ml, formula",,,150
Feeding,Bottle,"2025-05-06, 10:55","2025-05-06, 11:15","140ml, formula",,,140
Feeding,Bottle,"2025-05-06, 06:55","2025-05-06, 07:15","130ml, formula",,,130
Feeding,Bottle,"2025-05-06, 01:05","2025-05-06, 01:15","120ml, formula",,,120
Feeding,Bottle,"2025-05-05, 19:00","2025-05-05, 19:30","140ml, formula",,,140
Feeding,Bottle,"2025-05-05, 15:10","2025-05-05, 15:30","120ml, formula",,,120
Feeding,Bottle,"2025-05-05, 12:10","2025-05-05, 12:40","140ml, formula",,,140
Feeding,Bottle,"2025-05-05, 08:25","2025-05-05, 08:45","140ml, formula",,,140
Feeding,Bottle,"2025-05-05, 03:20","2025-05-05, 03:40","140ml, formula",,,140
Feeding,Bottle,"2025-05-04, 19:15","2025-05-04, 19:35","140ml, formula",,,140
Feeding,Bottle,"2025-05-04, 16:35","2025-05-04, 17:05","130ml, formula",,,130
Feeding,Bottle,"2025-05-04, 12:40","2025-05-04, 13:10","160ml, formula",,,160
Feeding,Bottle,"2025-05-04, 08:45","2025-05-04, 08:55","140ml, formula",,,140
Feeding,Bottle,"2025-05-04, 04:20","2025-05-04, 04:35","160ml, formula",,,160
Feeding,Bottle,"2025-05-03, 19:45","2025-05-03, 20:00","120ml, formula",,,120
Feeding,Bottle,"2025-05-03, 16:55","2025-05-03, 17:15","150ml, formula",,,150
Feeding,Bottle,"2025-05-03, 13:30","2025-05-03, 13:50","100ml, formula",,,100
Feeding,Bottle,"2025-05-03, 10:05","2025-05-03, 10:20","150ml, formula",,,150
Feeding,Bottle,"2025-05-03, 06:20","2025-05-03, 07:00","120ml, formula",,,120
Feeding,Bottle,"2025-05-03, 02:00","2025-05-03, 02:15","95ml, formula",,,95
Feeding,Bottle,"2025-05-02, 18:40","2025-05-02, 19:40","140ml, formula",,,140
Feeding,Bottle,"2025-05-02, 15:40","2025-05-02, 16:10","130ml, formula",,,130
Feeding,Bottle,"2025-05-02, 12:35","2025-05-02, 12:50","100ml, formula",,,100
Feeding,Bottle,"2025-05-02, 09:10","2025-05-02, 09:25","100ml, formula",,,100
Feeding,Bottle,"2025-05-02, 05:55","2025-05-02, 06:10","140ml, formula",,,140
Feeding,Bottle,"2025-05-01, 23:25","2025-05-01, 23:40","90ml, formula",,,90
Feeding,Bottle,"2025-05-01, 18:50","2025-05-01, 19:05","125ml, formula",,,125
Feeding,Bottle,"2025-05-01, 15:35","2025-05-01, 16:00","140ml, formula",,,140
Feeding,Bottle,"2025-05-01, 12:30","2025-05-01, 13:00","140ml, formula",,,140
Feeding,Bottle,"2025-05-01, 09:20","2025-05-01, 09:30","80ml, formula",,,80
Feeding,Bottle,"2025-05-01, 06:05","2025-05-01, 06:20","120ml, formula",,,120
Feeding,Bottle,"2025-04-30, 23:20","2025-04-30, 23:40","130ml, formula",,,130
Feeding,Bottle,"2025-04-30, 17:45","2025-04-30, 18:00","140ml, formula",,,140
Feeding,Bottle,"2025-04-30, 13:15","2025-04-30, 14:00","130ml, formula",,,130
Feeding,Bottle,"2025-04-30, 09:10","2025-04-30, 09:25","120ml, formula",,,120
Feeding,Bottle,"2025-04-30, 05:10","2025-04-30, 05:30","140ml, formula",,,140
Feeding,Bottle,"2025-04-29, 20:00","2025-04-29, 20:05","50ml, formula",,,50
Feeding,Bottle,"2025-04-29, 18:10","2025-04-29, 18:30","120ml, formula",,,120
Feeding,Bottle,"2025-04-29, 14:45","2025-04-29, 15:00","85ml, formula",,,85
Feeding,Bottle,"2025-04-29, 12:15","2025-04-29, 13:00","70ml, formula",,,70
Feeding,Bottle,"2025-04-29, 08:55","2025-04-29, 09:10","130ml, formula",,,130
Feeding,Bottle,"2025-04-29, 05:45","2025-04-29, 06:00","85ml, formula",,,85
Feeding,Bottle,"2025-04-29, 01:05","2025-04-29, 01:20","150ml, formula",,,150
Feeding,Bottle,"2025-04-28, 19:00","2025-04-28, 19:30","150ml, formula",,,150
Feeding,Bottle,"2025-04-28, 16:30","2025-04-28, 17:00","100ml, formula",,,100
Feeding,Bottle,"2025-04-28, 12:45","2025-04-28, 13:00","100ml, formula",,,100
Feeding,Bottle,"2025-04-28, 09:30","2025-04-28, 09:45","140ml, formula",,,140
Feeding,Bottle,"2025-04-28, 06:30","2025-04-28, 06:40","155ml, formula",,,155
Feeding,Bottle,"2025-04-28, 00:40","2025-04-28, 00:50","110ml, formula",,,110
Feeding,Bottle,"2025-04-27, 18:35","2025-04-27, 19:00","135ml, formula",,,135
Feeding,Bottle,"2025-04-27, 15:35","2025-04-27, 15:50","130ml, formula",,,130
Feeding,Bottle,"2025-04-27, 12:45","2025-04-27, 13:10","100ml, formula",,,100
Feeding,Bottle,"2025-04-27, 09:40","2025-04-27, 10:00","125ml, formula",,,125
Feeding,Bottle,"2025-04-27, 06:30","2025-04-27, 07:00","140ml, formula",,,140
Feeding,Bottle,"2025-04-27, 00:10","2025-04-27, 00:20","100ml, formula",,,100
Feeding,Bottle,"2025-04-26, 18:15","2025-04-26, 18:30","110ml, formula",,,110
Feeding,Bottle,"2025-04-26, 15:05","2025-04-26, 15:15","155ml, formula",,,155
Feeding,Bottle,"2025-04-26, 12:15","2025-04-26, 12:30","100ml, formula",,,100
Feeding,Bottle,"2025-04-26, 09:10","2025-04-26, 09:35","135ml, formula",,,135
Feeding,Bottle,"2025-04-26, 06:10","2025-04-26, 06:40","130ml, formula",,,130
Feeding,Bottle,"2025-04-26, 01:35","2025-04-26, 01:40","100ml, formula",,,100
Feeding,Bottle,"2025-04-25, 18:35","2025-04-25, 18:50","160ml, formula",,,160
Feeding,Bottle,"2025-04-25, 15:00","2025-04-25, 15:30","145ml, formula",,,145
Feeding,Bottle,"2025-04-25, 12:00","2025-04-25, 14:11","130ml, formula",,,130
Feeding,Bottle,"2025-04-25, 08:10","2025-04-25, 08:30","110ml, formula",,,110
Feeding,Bottle,"2025-04-25, 05:00","2025-04-25, 05:30","120ml, formula",,,120
Feeding,Bottle,"2025-04-24, 23:05","2025-04-24, 23:15","60ml, formula",,,60
Feeding,Bottle,"2025-04-24, 18:45","2025-04-24, 19:15","140ml, formula",,,140
Feeding,Bottle,"2025-04-24, 15:50","2025-04-24, 16:13","160ml, formula",,,160
Feeding,Bottle,"2025-04-24, 12:25","2025-04-24, 12:40","120ml, formula",,,120
Feeding,Bottle,"2025-04-24, 09:05","2025-04-24, 09:20","125ml, formula",,,125
Feeding,Bottle,"2025-04-24, 06:00","2025-04-24, 06:10","120ml, formula",,,120
Feeding,Bottle,"2025-04-23, 23:05","2025-04-23, 23:15","90ml, formula",,,90
Feeding,Bottle,"2025-04-23, 18:15","2025-04-23, 18:25","90ml, formula",,,90
Feeding,Bottle,"2025-04-23, 15:10","2025-04-23, 15:25","140ml, formula",,,140
Feeding,Bottle,"2025-04-23, 12:00","2025-04-23, 12:30","145ml, formula",,,145
Feeding,Bottle,"2025-04-23, 08:50","2025-04-23, 09:48","120ml, formula",,,120
Feeding,Bottle,"2025-04-23, 05:40","2025-04-23, 05:55","130ml, formula",,,130
Feeding,Bottle,"2025-04-22, 23:15","2025-04-22, 23:25","85ml, formula",,,85
Feeding,Bottle,"2025-04-22, 19:05","2025-04-22, 20:00","120ml, formula",,,120
Feeding,Bottle,"2025-04-22, 15:50","2025-04-22, 15:55","140ml, formula",,,140
Feeding,Bottle,"2025-04-22, 12:55","2025-04-22, 13:10","120ml, formula",,,120
Feeding,Bottle,"2025-04-22, 09:15","2025-04-22, 09:30","160ml, formula",,,160
Feeding,Bottle,"2025-04-22, 06:10","2025-04-22, 06:20","110ml, formula",,,110
Feeding,Bottle,"2025-04-21, 22:40","2025-04-21, 22:50","60ml, formula",,,60
Feeding,Bottle,"2025-04-21, 18:30","2025-04-21, 18:45","80ml, formula",,,80
Feeding,Bottle,"2025-04-21, 15:00","2025-04-21, 15:30","120ml, formula",,,120
Feeding,Bottle,"2025-04-21, 12:00","2025-04-21, 12:25","110ml, formula",,,110
Feeding,Bottle,"2025-04-21, 08:30","2025-04-21, 09:05","140ml, formula",,,140
Feeding,Bottle,"2025-04-21, 04:05","2025-04-21, 04:20","120ml, formula",,,120
Feeding,Bottle,"2025-04-20, 18:45","2025-04-20, 19:00","160ml, formula",,,160
Feeding,Bottle,"2025-04-20, 15:55","2025-04-20, 16:10","120ml, formula",,,120
Feeding,Bottle,"2025-04-20, 12:15","2025-04-20, 12:40","130ml, formula",,,130
Feeding,Bottle,"2025-04-20, 09:20","2025-04-20, 09:35","90ml, formula",,,90
Feeding,Bottle,"2025-04-20, 05:55","2025-04-20, 06:15","120ml, formula",,,120
Feeding,Bottle,"2025-04-20, 00:20","2025-04-20, 00:40","120ml, formula",,,120
Feeding,Bottle,"2025-04-19, 18:30","2025-04-19, 18:40","120ml, formula",,,120
Feeding,Bottle,"2025-04-19, 15:45","2025-04-19, 16:00","160ml, formula",,,160
Feeding,Bottle,"2025-04-19, 12:35","2025-04-19, 12:50","140ml, formula",,,140
Feeding,Bottle,"2025-04-19, 08:55","2025-04-19, 09:06","120ml, formula",,,120
Feeding,Bottle,"2025-04-19, 05:45","2025-04-19, 06:00","120ml, formula",,,120
Feeding,Bottle,"2025-04-19, 00:35","2025-04-19, 00:45","100ml, formula",,,100
Feeding,Bottle,"2025-04-18, 19:30","2025-04-18, 19:45","95ml, formula",,,95
Feeding,Bottle,"2025-04-18, 16:50","2025-04-18, 17:05","160ml, formula",,,160
Feeding,Bottle,"2025-04-18, 13:40","2025-04-18, 14:05","135ml, formula",,,135
Feeding,Bottle,"2025-04-18, 09:45","2025-04-18, 09:50","140ml, formula",,,140
Feeding,Bottle,"2025-04-18, 06:10","2025-04-18, 06:25","135ml, formula",,,135
Feeding,Bottle,"2025-04-18, 02:50","2025-04-18, 03:05","150ml, formula",,,150
Feeding,Bottle,"2025-04-17, 18:15","2025-04-17, 18:45","140ml, formula",,,140
Feeding,Bottle,"2025-04-17, 15:35","2025-04-17, 16:00","120ml, formula",,,120
Feeding,Bottle,"2025-04-17, 12:25","2025-04-17, 13:00","120ml, formula",,,120
Feeding,Bottle,"2025-04-17, 09:10","2025-04-17, 09:35","120ml, formula",,,120
Feeding,Bottle,"2025-04-17, 05:30","2025-04-17, 05:45","80ml, formula",,,80
Feeding,Bottle,"2025-04-17, 01:35","2025-04-17, 01:40","115ml, formula",,,115
Feeding,Bottle,"2025-04-16, 18:15","2025-04-16, 18:25","155ml, formula",,,155
Feeding,Bottle,"2025-04-16, 14:55","2025-04-16, 15:10","140ml, formula",,,140
Feeding,Bottle,"2025-04-16, 11:55","2025-04-16, 12:10","130ml, formula",,,130
Feeding,Bottle,"2025-04-16, 08:40","2025-04-16, 08:55","110ml, formula",,,110
Feeding,Bottle,"2025-04-16, 05:00","2025-04-16, 05:32","125ml, formula",,,125
Feeding,Bottle,"2025-04-16, 01:10","2025-04-16, 01:20","110ml, formula",,,110
Feeding,Bottle,"2025-04-15, 19:15","2025-04-15, 19:30","80ml, formula",,,80
Feeding,Bottle,"2025-04-15, 16:15","2025-04-15, 16:30","130ml, formula",,,130
Feeding,Bottle,"2025-04-15, 13:00","2025-04-15, 13:15","130ml, formula",,,130
Feeding,Bottle,"2025-04-15, 10:05","2025-04-15, 10:15","120ml, formula",,,120
Feeding,Bottle,"2025-04-15, 06:05","2025-04-15, 06:20","90ml, formula",,,90
Feeding,Bottle,"2025-04-15, 02:10","2025-04-15, 02:25","110ml, formula",,,110
Feeding,Bottle,"2025-04-14, 18:20","2025-04-14, 18:35","105ml, formula",,,105
Feeding,Bottle,"2025-04-14, 15:00","2025-04-14, 15:30","100ml, formula",,,100
Feeding,Bottle,"2025-04-14, 12:15","2025-04-14, 12:30","130ml, formula",,,130
Feeding,Bottle,"2025-04-14, 09:20","2025-04-14, 10:00","140ml, formula",,,140
Feeding,Bottle,"2025-04-14, 05:25","2025-04-14, 05:40","110ml, formula",,,110
Feeding,Bottle,"2025-04-14, 00:45","2025-04-14, 01:00","130ml, formula",,,130
Feeding,Bottle,"2025-04-13, 19:10","2025-04-13, 19:25","90ml, formula",,,90
Feeding,Bottle,"2025-04-13, 16:15","2025-04-13, 16:35","145ml, formula",,,145
Feeding,Bottle,"2025-04-13, 13:25","2025-04-13, 14:05","140ml, formula",,,140
Feeding,Bottle,"2025-04-13, 10:15","2025-04-13, 10:25","110ml, formula",,,110
Feeding,Bottle,"2025-04-13, 06:30","2025-04-13, 06:45","135ml, formula",,,135
Feeding,Bottle,"2025-04-13, 01:35","2025-04-13, 01:45","110ml, formula",,,110
Feeding,Bottle,"2025-04-12, 20:40","2025-04-12, 20:55","120ml, formula",,,120
Feeding,Bottle,"2025-04-12, 16:40","2025-04-12, 16:55","110ml, formula",,,110
Feeding,Bottle,"2025-04-12, 13:20","2025-04-12, 13:50","140ml, formula",,,140
Feeding,Bottle,"2025-04-12, 09:35","2025-04-12, 10:00","145ml, formula",,,145
Feeding,Bottle,"2025-04-12, 05:40","2025-04-12, 05:55","160ml, formula",,,160
Feeding,Bottle,"2025-04-12, 00:15","2025-04-12, 00:20","90ml, formula",,,90
Feeding,Bottle,"2025-04-11, 19:10","2025-04-11, 19:15","80ml, formula",,,80
Feeding,Bottle,"2025-04-11, 16:25","2025-04-11, 16:35","150ml, formula",,,150
Feeding,Bottle,"2025-04-11, 13:25","2025-04-11, 13:40","135ml, formula",,,135
Feeding,Bottle,"2025-04-11, 09:30","2025-04-11, 09:45","155ml, formula",,,155
Feeding,Bottle,"2025-04-11, 05:20","2025-04-11, 05:35","160ml, formula",,,160
Feeding,Bottle,"2025-04-10, 23:40","2025-04-10, 23:55","70ml, formula",,,70
Feeding,Bottle,"2025-04-10, 17:45","2025-04-10, 18:30","150ml, formula",,,150
Feeding,Bottle,"2025-04-10, 14:40","2025-04-10, 14:55","110ml, formula",,,110
Feeding,Bottle,"2025-04-10, 11:50","2025-04-10, 12:43","100ml, formula",,,100
Feeding,Bottle,"2025-04-10, 08:40","2025-04-10, 09:10","160ml, formula",,,160
Feeding,Bottle,"2025-04-10, 05:05","2025-04-10, 05:25","80ml, formula",,,80
Feeding,Bottle,"2025-04-10, 00:55","2025-04-10, 01:10","130ml, formula",,,130
Feeding,Bottle,"2025-04-09, 19:00","2025-04-09, 19:30","150ml, formula",,,150
Feeding,Bottle,"2025-04-09, 15:55","2025-04-09, 16:28","130ml, formula",,,130
Feeding,Bottle,"2025-04-09, 12:25","2025-04-09, 12:35","110ml, formula",,,110
Feeding,Bottle,"2025-04-09, 09:35","2025-04-09, 10:17","80ml, formula",,,80
Feeding,Bottle,"2025-04-09, 06:10","2025-04-09, 06:30","120ml, formula",,,120
Feeding,Bottle,"2025-04-09, 00:10","2025-04-09, 00:30","60ml, formula",,,60
Feeding,Bottle,"2025-04-08, 19:50","2025-04-08, 20:25","80ml, formula",,,80
Feeding,Bottle,"2025-04-08, 17:00","2025-04-08, 17:15","130ml, formula",,,130
Feeding,Bottle,"2025-04-08, 14:05","2025-04-08, 14:15","90ml, formula",,,90
Feeding,Bottle,"2025-04-08, 10:50","2025-04-08, 11:00","150ml, formula",,,150
Feeding,Bottle,"2025-04-08, 07:50","2025-04-08, 08:45","120ml, formula",,,120
Feeding,Bottle,"2025-04-08, 03:35","2025-04-08, 03:50","160ml, formula",,,160
Feeding,Bottle,"2025-04-07, 23:30","2025-04-07, 23:45","60ml, formula",,,60
Feeding,Bottle,"2025-04-07, 18:30","2025-04-07, 18:40","140ml, formula",,,140
Feeding,Bottle,"2025-04-07, 15:05","2025-04-07, 15:15","120ml, formula",,,120
Feeding,Bottle,"2025-04-07, 12:30","2025-04-07, 13:00","110ml, formula",,,110
Feeding,Bottle,"2025-04-07, 08:35","2025-04-07, 08:45","100ml, formula",,,100
Feeding,Bottle,"2025-04-07, 05:30","2025-04-07, 05:40","70ml, formula",,,70
Feeding,Bottle,"2025-04-07, 01:20","2025-04-07, 01:30","110ml, formula",,,110
Feeding,Bottle,"2025-04-06, 19:30","2025-04-06, 19:47","160ml, formula",,,160
Feeding,Bottle,"2025-04-06, 16:10","2025-04-06, 16:15","140ml, formula",,,140
Feeding,Bottle,"2025-04-06, 13:30","2025-04-06, 13:40","120ml, formula",,,120
Feeding,Bottle,"2025-04-06, 09:40","2025-04-06, 09:50","100ml, formula",,,100
Feeding,Bottle,"2025-04-06, 06:30","2025-04-06, 06:40","100ml, formula",,,100
Feeding,Bottle,"2025-04-06, 02:20","2025-04-06, 02:30","110ml, formula",,,110
Feeding,Bottle,"2025-04-05, 20:25","2025-04-05, 20:35","140ml, formula",,,140
Feeding,Bottle,"2025-04-05, 18:00","2025-04-05, 18:10","120ml, formula",,,120
Feeding,Bottle,"2025-04-05, 14:45","2025-04-05, 15:08","120ml, formula",,,120
Feeding,Bottle,"2025-04-05, 12:10","2025-04-05, 12:20","90ml, formula",,,90
Feeding,Bottle,"2025-04-05, 08:50","2025-04-05, 09:30","100ml, formula",,,100
Feeding,Bottle,"2025-04-05, 04:55","2025-04-05, 05:05","70ml, formula",,,70
Feeding,Bottle,"2025-04-04, 23:10","2025-04-04, 23:20","45ml, formula",,,45
Feeding,Bottle,"2025-04-04, 18:40","2025-04-04, 18:55","130ml, formula",,,130
Feeding,Bottle,"2025-04-04, 15:50","2025-04-04, 16:00","100ml, formula",,,100
Feeding,Bottle,"2025-04-04, 12:15","2025-04-04, 12:30","120ml, formula",,,120
Feeding,Bottle,"2025-04-04, 09:05","2025-04-04, 09:45","120ml, formula",,,120
Feeding,Bottle,"2025-04-04, 04:55","2025-04-04, 05:10","110ml, formula",,,110
Feeding,Bottle,"2025-04-03, 23:00","2025-04-03, 23:10","50ml, formula",,,50
Feeding,Bottle,"2025-04-03, 19:50","2025-04-03, 20:05","155ml, formula",,,155
Feeding,Bottle,"2025-04-03, 15:35","2025-04-03, 16:15","120ml, formula",,,120
Feeding,Bottle,"2025-04-03, 11:50","2025-04-03, 12:43","100ml, formula",,,100
Feeding,Bottle,"2025-04-03, 08:35","2025-04-03, 09:25","140ml, formula",,,140
Feeding,Bottle,"2025-04-03, 03:55","2025-04-03, 04:10","130ml, formula",,,130
Feeding,Bottle,"2025-04-02, 22:00","2025-04-02, 22:10","90ml, formula",,,90
Feeding,Bottle,"2025-04-02, 16:50","2025-04-02, 18:00","130ml, formula",,,130
Feeding,Bottle,"2025-04-02, 13:35","2025-04-02, 13:45","135ml, formula",,,135
Feeding,Bottle,"2025-04-02, 10:35","2025-04-02, 10:45","90ml, formula",,,90
Feeding,Bottle,"2025-04-02, 07:30","2025-04-02, 07:45","100ml, formula",,,100
Feeding,Bottle,"2025-04-02, 03:45","2025-04-02, 03:55","110ml, formula",,,110
Feeding,Bottle,"2025-04-01, 22:40","2025-04-01, 22:50","60ml, formula",,,60
Feeding,Bottle,"2025-04-01, 18:35","2025-04-01, 18:45","100ml, formula",,,100
Feeding,Bottle,"2025-04-01, 16:25","2025-04-01, 17:00","130ml, formula",,,130
Feeding,Bottle,"2025-04-01, 13:10","2025-04-01, 14:00","120ml, formula",,,120
Feeding,Bottle,"2025-04-01, 10:10","2025-04-01, 10:25","155ml, formula",,,155
Feeding,Bottle,"2025-04-01, 07:10","2025-04-01, 07:20","95ml, formula",,,95
Feeding,Bottle,"2025-04-01, 03:00","2025-04-01, 03:05","80ml, formula",,,80
Feeding,Bottle,"2025-03-31, 22:55","2025-03-31, 23:00","50ml, formula",,,50
Feeding,Bottle,"2025-03-31, 19:20","2025-03-31, 19:30","125ml, formula",,,125
Feeding,Bottle,"2025-03-31, 16:20","2025-03-31, 16:39","130ml, formula",,,130
Feeding,Bottle,"2025-03-31, 13:10","2025-03-31, 13:20","130ml, formula",,,130
Feeding,Bottle,"2025-03-31, 09:50","2025-03-31, 10:05","140ml, formula",,,140
Feeding,Bottle,"2025-03-31, 06:10","2025-03-31, 06:25","70ml, formula",,,70
Feeding,Bottle,"2025-03-31, 02:55","2025-03-31, 03:05","110ml, formula",,,110
Feeding,Bottle,"2025-03-30, 21:00","2025-03-30, 21:15","80ml, formula",,,80
Feeding,Bottle,"2025-03-30, 17:45","2025-03-30, 19:00","100ml, formula",,,100
Feeding,Bottle,"2025-03-30, 14:50","2025-03-30, 15:08","160ml, formula",,,160
Feeding,Bottle,"2025-03-30, 11:50","2025-03-30, 12:05","130ml, formula",,,130
Feeding,Bottle,"2025-03-30, 07:30","2025-03-30, 07:45","130ml, formula",,,130
Feeding,Bottle,"2025-03-30, 03:00","2025-03-30, 03:15","110ml, formula",,,110
Feeding,Bottle,"2025-03-29, 21:20","2025-03-29, 21:35","75ml, formula",,,75
Feeding,Bottle,"2025-03-29, 18:00","2025-03-29, 18:45","160ml, formula",,,160
Feeding,Bottle,"2025-03-29, 15:00","2025-03-29, 15:10","120ml, formula",,,120
Feeding,Bottle,"2025-03-29, 11:20","2025-03-29, 11:40","160ml, formula",,,160
Feeding,Bottle,"2025-03-29, 08:20","2025-03-29, 08:40","80ml, formula",,,80
Feeding,Bottle,"2025-03-29, 04:20","2025-03-29, 04:35","130ml, formula",,,130
Feeding,Bottle,"2025-03-28, 22:30","2025-03-28, 23:00","150ml, formula",,,150
Feeding,Bottle,"2025-03-28, 17:45","2025-03-28, 18:15","155ml, formula",,,155
Feeding,Bottle,"2025-03-28, 14:35","2025-03-28, 14:48","110ml, formula",,,110
Feeding,Bottle,"2025-03-28, 12:00","2025-03-28, 12:15","130ml, formula",,,130
Feeding,Bottle,"2025-03-28, 08:30","2025-03-28, 08:45","110ml, formula",,,110
Feeding,Bottle,"2025-03-28, 05:20","2025-03-28, 05:30","45ml, formula",,,45
Feeding,Bottle,"2025-03-28, 01:55","2025-03-28, 02:05","130ml, formula",,,130
Feeding,Bottle,"2025-03-27, 20:00","2025-03-27, 20:10","160ml, formula",,,160
Feeding,Bottle,"2025-03-27, 17:00","2025-03-27, 17:09","130ml, formula",,,130
Feeding,Bottle,"2025-03-27, 13:10","2025-03-27, 13:25","130ml, formula",,,130
Feeding,Bottle,"2025-03-27, 10:30","2025-03-27, 10:45","90ml, formula",,,90
Feeding,Bottle,"2025-03-27, 07:00","2025-03-27, 07:10","90ml, formula",,,90
Feeding,Bottle,"2025-03-27, 02:20","2025-03-27, 02:30","120ml, formula",,,120
Feeding,Bottle,"2025-03-26, 20:25","2025-03-26, 20:35","120ml, formula",,,120
Feeding,Bottle,"2025-03-26, 17:00","2025-03-26, 17:10","160ml, formula",,,160
Feeding,Bottle,"2025-03-26, 13:15","2025-03-26, 13:30","160ml, formula",,,160
Feeding,Bottle,"2025-03-26, 10:45","2025-03-26, 11:02","100ml, formula",,,100
Feeding,Bottle,"2025-03-26, 06:30","2025-03-26, 06:40","110ml, formula",,,110
Feeding,Bottle,"2025-03-26, 02:20","2025-03-26, 02:30","110ml, formula",,,110
Feeding,Bottle,"2025-03-25, 20:30","2025-03-25, 20:45","150ml, formula",,,150
Feeding,Bottle,"2025-03-25, 16:20","2025-03-25, 16:30","155ml, formula",,,155
Feeding,Bottle,"2025-03-25, 13:15","2025-03-25, 13:30","140ml, formula",,,140
Feeding,Bottle,"2025-03-25, 09:45","2025-03-25, 10:21","90ml, formula",,,90
Feeding,Bottle,"2025-03-25, 06:35","2025-03-25, 06:50","110ml, formula",,,110
Feeding,Bottle,"2025-03-25, 02:20","2025-03-25, 02:30","90ml, formula",,,90
Feeding,Bottle,"2025-03-24, 20:25","2025-03-24, 20:40","140ml, formula",,,140
Feeding,Bottle,"2025-03-24, 17:15","2025-03-24, 17:45","140ml, formula",,,140
Feeding,Bottle,"2025-03-24, 13:30","2025-03-24, 13:45","150ml, formula",,,150
Feeding,Bottle,"2025-03-24, 10:10","2025-03-24, 10:50","130ml, formula",,,130
Feeding,Bottle,"2025-03-24, 07:10","2025-03-24, 07:20","140ml, formula",,,140
Feeding,Bottle,"2025-03-24, 02:55","2025-03-24, 03:09","70ml, formula",,,70
Feeding,Bottle,"2025-03-23, 20:50","2025-03-23, 21:05","150ml, formula",,,150
Feeding,Bottle,"2025-03-23, 17:00","2025-03-23, 17:15","90ml, formula",,,90
Feeding,Bottle,"2025-03-23, 13:35","2025-03-23, 13:55","150ml, formula",,,150
Feeding,Bottle,"2025-03-23, 10:10","2025-03-23, 10:30","160ml, formula",,,160
Feeding,Bottle,"2025-03-23, 07:10","2025-03-23, 07:25","120ml, formula",,,120
Feeding,Bottle,"2025-03-23, 02:55","2025-03-23, 03:10","110ml, formula",,,110
Feeding,Bottle,"2025-03-22, 21:00","2025-03-22, 21:10","50ml, formula",,,50
Feeding,Bottle,"2025-03-22, 17:50","2025-03-22, 18:10","155ml, formula",,,155
Feeding,Bottle,"2025-03-22, 14:30","2025-03-22, 14:40","130ml, formula",,,130
Feeding,Bottle,"2025-03-22, 11:30","2025-03-22, 11:50","160ml, formula",,,160
Feeding,Bottle,"2025-03-22, 07:30","2025-03-22, 07:45","100ml, formula",,,100
Feeding,Bottle,"2025-03-22, 03:00","2025-03-22, 03:15","120ml, formula",,,120
Feeding,Bottle,"2025-03-21, 22:00","2025-03-21, 22:10","50ml, formula",,,50
Feeding,Bottle,"2025-03-21, 18:50","2025-03-21, 19:11","160ml, formula",,,160
Feeding,Bottle,"2025-03-21, 15:40","2025-03-21, 16:00","160ml, formula",,,160
Feeding,Bottle,"2025-03-21, 12:30","2025-03-21, 12:45","160ml, formula",,,160
Feeding,Bottle,"2025-03-21, 08:50","2025-03-21, 09:05","110ml, formula",,,110
Feeding,Bottle,"2025-03-21, 05:10","2025-03-21, 05:25","120ml, formula",,,120
Feeding,Bottle,"2025-03-20, 22:35","2025-03-20, 22:47","30ml, formula",,,30
Feeding,Bottle,"2025-03-20, 18:50","2025-03-20, 19:05","150ml, formula",,,150
Feeding,Bottle,"2025-03-20, 15:35","2025-03-20, 15:50","140ml, formula",,,140
Feeding,Bottle,"2025-03-20, 11:30","2025-03-20, 12:00","160ml, formula",,,160
Feeding,Bottle,"2025-03-20, 08:05","2025-03-20, 08:20","155ml, formula",,,155
Feeding,Bottle,"2025-03-20, 04:15","2025-03-20, 04:30","100ml, formula",,,100
Feeding,Bottle,"2025-03-19, 21:30","2025-03-19, 21:40","60ml, formula",,,60
Feeding,Bottle,"2025-03-19, 18:45","2025-03-19, 19:00","160ml, formula",,,160
Feeding,Bottle,"2025-03-19, 15:35","2025-03-19, 16:58","155ml, formula",,,155
Feeding,Bottle,"2025-03-19, 12:05","2025-03-19, 12:30","110ml, formula",,,110
Feeding,Bottle,"2025-03-19, 08:20","2025-03-19, 08:50","160ml, formula",,,160
Feeding,Bottle,"2025-03-19, 03:25","2025-03-19, 03:40","90ml, formula",,,90
Feeding,Bottle,"2025-03-18, 22:20","2025-03-18, 22:35","65ml, formula",,,65
Feeding,Bottle,"2025-03-18, 18:40","2025-03-18, 18:55","160ml, formula",,,160
Feeding,Bottle,"2025-03-18, 15:15","2025-03-18, 15:58","120ml, formula",,,120
Feeding,Bottle,"2025-03-18, 11:40","2025-03-18, 12:00","160ml, formula",,,160
Feeding,Bottle,"2025-03-18, 08:00","2025-03-18, 08:30","120ml, formula",,,120
Feeding,Bottle,"2025-03-18, 03:40","2025-03-18, 03:50","120ml, formula",,,120
Feeding,Bottle,"2025-03-17, 20:50","2025-03-17, 21:00","90ml, formula",,,90
Feeding,Bottle,"2025-03-17, 16:50","2025-03-17, 17:10","160ml, formula",,,160
Feeding,Bottle,"2025-03-17, 13:50","2025-03-17, 14:00","160ml, formula",,,160
Feeding,Bottle,"2025-03-17, 10:40","2025-03-17, 10:50","155ml, formula",,,155
Feeding,Bottle,"2025-03-17, 08:00","2025-03-17, 08:15","100ml, formula",,,100
Feeding,Bottle,"2025-03-17, 03:10","2025-03-17, 03:20","60ml, formula",,,60
Feeding,Bottle,"2025-03-16, 20:20","2025-03-16, 20:35","100ml, formula",,,100
Feeding,Bottle,"2025-03-16, 16:45","2025-03-16, 17:10","145ml, formula",,,145
Feeding,Bottle,"2025-03-16, 13:40","2025-03-16, 14:56","160ml, formula",,,160
Feeding,Bottle,"2025-03-16, 10:25","2025-03-16, 10:35","150ml, formula",,,150
Feeding,Bottle,"2025-03-16, 07:05","2025-03-16, 07:15","110ml, formula",,,110
Feeding,Bottle,"2025-03-16, 01:20","2025-03-16, 01:25","60ml, formula",,,60
Feeding,Bottle,"2025-03-15, 19:50","2025-03-15, 20:10","120ml, formula",,,120
Feeding,Bottle,"2025-03-15, 16:40","2025-03-15, 16:50","160ml, formula",,,160
Feeding,Bottle,"2025-03-15, 13:30","2025-03-15, 13:45","130ml, formula",,,130
Feeding,Bottle,"2025-03-15, 10:10","2025-03-15, 10:20","120ml, formula",,,120
Feeding,Bottle,"2025-03-15, 07:00","2025-03-15, 07:30","110ml, formula",,,110
Feeding,Bottle,"2025-03-15, 03:30","2025-03-15, 03:36","30ml, formula",,,30
Feeding,Bottle,"2025-03-14, 21:10","2025-03-14, 21:40","65ml, formula",,,65
Feeding,Bottle,"2025-03-14, 17:30","2025-03-14, 18:00","150ml, formula",,,150
Feeding,Bottle,"2025-03-14, 14:30","2025-03-14, 14:45","150ml, formula",,,150
Feeding,Bottle,"2025-03-14, 11:40","2025-03-14, 12:00","155ml, formula",,,155
Feeding,Bottle,"2025-03-14, 08:00","2025-03-14, 08:15","75ml, formula",,,75
Feeding,Bottle,"2025-03-14, 06:45","2025-03-14, 07:00","45ml, formula",,,45
Feeding,Bottle,"2025-03-14, 02:45","2025-03-14, 03:00","70ml, formula",,,70
Feeding,Bottle,"2025-03-13, 20:20","2025-03-13, 20:50","140ml, formula",,,140
Feeding,Bottle,"2025-03-13, 16:25","2025-03-13, 16:40","150ml, formula",,,150
Feeding,Bottle,"2025-03-13, 13:20","2025-03-13, 13:40","130ml, formula",,,130
Feeding,Bottle,"2025-03-13, 10:10","2025-03-13, 10:25","135ml, formula",,,135
Feeding,Bottle,"2025-03-13, 07:30","2025-03-13, 07:45","100ml, formula",,,100
Feeding,Bottle,"2025-03-13, 02:25","2025-03-13, 02:45","110ml, formula",,,110
Feeding,Bottle,"2025-03-12, 20:15","2025-03-12, 20:30","110ml, formula",,,110
Feeding,Bottle,"2025-03-12, 17:00","2025-03-12, 17:10","150ml, formula",,,150
Feeding,Bottle,"2025-03-12, 14:00","2025-03-12, 14:40","150ml, formula",,,150
Feeding,Bottle,"2025-03-12, 10:40","2025-03-12, 11:00","150ml, formula",,,150
Feeding,Bottle,"2025-03-12, 07:10","2025-03-12, 07:15","70ml, formula",,,70
Feeding,Bottle,"2025-03-12, 03:20","2025-03-12, 03:25","70ml, formula",,,70
Feeding,Bottle,"2025-03-11, 20:00","2025-03-11, 20:10","100ml, formula",,,100
Feeding,Bottle,"2025-03-11, 16:50","2025-03-11, 16:55","120ml, formula",,,120
Feeding,Bottle,"2025-03-11, 14:00","2025-03-11, 14:15","100ml, formula",,,100
Feeding,Bottle,"2025-03-11, 11:05","2025-03-11, 11:15","80ml, formula",,,80
Feeding,Bottle,"2025-03-11, 09:50","2025-03-11, 10:00","40ml, formula",,,40
Feeding,Bottle,"2025-03-11, 07:20","2025-03-11, 07:35","80ml, formula",,,80
Feeding,Bottle,"2025-03-11, 02:10","2025-03-11, 02:30","50ml, formula",,,50
Feeding,Bottle,"2025-03-10, 20:15","2025-03-10, 20:30","110ml, formula",,,110
Feeding,Bottle,"2025-03-10, 17:10","2025-03-10, 17:25","120ml, formula",,,120
Feeding,Bottle,"2025-03-10, 14:15","2025-03-10, 14:40","110ml, formula",,,110
Feeding,Bottle,"2025-03-10, 11:15","2025-03-10, 11:30","120ml, formula",,,120
Feeding,Bottle,"2025-03-10, 08:15","2025-03-10, 08:45","80ml, formula",,,80
Feeding,Bottle,"2025-03-10, 03:40","2025-03-10, 03:55","80ml, formula",,,80
Feeding,Bottle,"2025-03-09, 22:15","2025-03-09, 22:30","110ml, formula",,,110
Feeding,Bottle,"2025-03-09, 19:15","2025-03-09, 19:25","110ml, formula",,,110
Feeding,Bottle,"2025-03-09, 16:30","2025-03-09, 16:40","120ml, formula",,,120
Feeding,Bottle,"2025-03-09, 13:30","2025-03-09, 13:45","120ml, formula",,,120
Feeding,Bottle,"2025-03-09, 10:30","2025-03-09, 10:40","120ml, formula",,,120
Feeding,Bottle,"2025-03-09, 07:10","2025-03-09, 07:25","80ml, formula",,,80
Feeding,Bottle,"2025-03-09, 02:55","2025-03-09, 03:10","90ml, formula",,,90
Feeding,Bottle,"2025-03-08, 22:00","2025-03-08, 22:15","60ml, formula",,,60
Feeding,Bottle,"2025-03-08, 19:00","2025-03-08, 19:15","100ml, formula",,,100
Feeding,Bottle,"2025-03-08, 16:05","2025-03-08, 16:15","100ml, formula",,,100
Feeding,Bottle,"2025-03-08, 13:15","2025-03-08, 13:45","100ml, formula",,,100
Feeding,Bottle,"2025-03-08, 10:55","2025-03-08, 11:15","120ml, formula",,,120
Feeding,Bottle,"2025-03-08, 08:45","2025-03-08, 09:10","120ml, formula",,,120
Feeding,Bottle,"2025-03-08, 05:45","2025-03-08, 05:55","60ml, formula",,,60
Feeding,Bottle,"2025-03-08, 01:35","2025-03-08, 01:50","100ml, formula",,,100
Feeding,Bottle,"2025-03-07, 21:15","2025-03-07, 21:45","50ml, formula",,,50
Feeding,Bottle,"2025-03-07, 19:00","2025-03-07, 19:15","110ml, formula",,,110
Feeding,Bottle,"2025-03-07, 16:45","2025-03-07, 17:05","110ml, formula",,,110
Feeding,Bottle,"2025-03-07, 14:20","2025-03-07, 14:30","60ml, formula",,,60
Feeding,Bottle,"2025-03-07, 12:00","2025-03-07, 12:25","70ml, formula",,,70
Feeding,Bottle,"2025-03-07, 09:50","2025-03-07, 10:00","120ml, formula",,,120
Feeding,Bottle,"2025-03-07, 07:15","2025-03-07, 07:30","60ml, formula",,,60
Feeding,Bottle,"2025-03-07, 03:10","2025-03-07, 03:20","80ml, formula",,,80
Feeding,Bottle,"2025-03-06, 21:25","2025-03-06, 21:40","80ml, formula",,,80
Feeding,Bottle,"2025-03-06, 19:05","2025-03-06, 19:54","95ml, formula",,,95
Feeding,Bottle,"2025-03-06, 17:05","2025-03-06, 17:25","85ml, formula",,,85
Feeding,Bottle,"2025-03-06, 14:40","2025-03-06, 14:55","110ml, formula",,,110
Feeding,Bottle,"2025-03-06, 12:20","2025-03-06, 12:35","110ml, formula",,,110
Feeding,Bottle,"2025-03-06, 10:00","2025-03-06, 10:10","120ml, formula",,,120
Feeding,Bottle,"2025-03-06, 07:15","2025-03-06, 07:45","100ml, formula",,,100
Feeding,Bottle,"2025-03-06, 03:35","2025-03-06, 03:45","55ml, formula",,,55
Feeding,Bottle,"2025-03-05, 21:40","2025-03-05, 21:50","90ml, formula",,,90
Feeding,Bottle,"2025-03-05, 19:25","2025-03-05, 19:35","60ml, formula",,,60
Feeding,Bottle,"2025-03-05, 17:30","2025-03-05, 18:30","120ml, formula",,,120
Feeding,Bottle,"2025-03-05, 15:10","2025-03-05, 15:20","100ml, formula",,,100
Feeding,Bottle,"2025-03-05, 12:00","2025-03-05, 12:15","100ml, formula",,,100
Feeding,Bottle,"2025-03-05, 09:40","2025-03-05, 09:50","120ml, formula",,,120
Feeding,Bottle,"2025-03-05, 05:40","2025-03-05, 05:55","80ml, formula",,,80
Feeding,Bottle,"2025-03-05, 02:10","2025-03-05, 02:20","60ml, formula",,,60
Feeding,Bottle,"2025-03-04, 21:00","2025-03-04, 21:15","80ml, formula",,,80
Feeding,Bottle,"2025-03-04, 19:00","2025-03-04, 19:10","50ml, formula",,,50
Feeding,Bottle,"2025-03-04, 18:30","2025-03-04, 18:40","70ml, formula",,,70
Feeding,Bottle,"2025-03-04, 16:30","2025-03-04, 16:40","110ml, formula",,,110
Feeding,Bottle,"2025-03-04, 14:00","2025-03-04, 14:10","60ml, formula",,,60
Feeding,Bottle,"2025-03-04, 12:55","2025-03-04, 13:00","50ml, formula",,,50
Feeding,Bottle,"2025-03-04, 10:45","2025-03-04, 11:00","110ml, formula",,,110
Feeding,Bottle,"2025-03-04, 09:00","2025-03-04, 09:15","90ml, formula",,,90
Feeding,Bottle,"2025-03-04, 05:15","2025-03-04, 05:25","95ml, formula",,,95
Feeding,Bottle,"2025-03-04, 01:40","2025-03-04, 02:01","60ml, formula",,,60
Feeding,Bottle,"2025-03-03, 20:10","2025-03-03, 20:25","110ml, formula",,,110
Feeding,Bottle,"2025-03-03, 17:30","2025-03-03, 17:40","120ml, formula",,,120
Feeding,Bottle,"2025-03-03, 15:15","2025-03-03, 15:30","70ml, formula",,,70
Feeding,Bottle,"2025-03-03, 12:35","2025-03-03, 12:49","120ml, formula",,,120
Feeding,Bottle,"2025-03-03, 09:50","2025-03-03, 10:00","120ml, formula",,,120
Feeding,Bottle,"2025-03-03, 07:30","2025-03-03, 07:50","80ml, formula",,,80
Feeding,Bottle,"2025-03-03, 05:45","2025-03-03, 05:50","40ml, formula",,,40
Feeding,Bottle,"2025-03-03, 02:15","2025-03-03, 02:30","50ml, formula",,,50
Feeding,Bottle,"2025-03-02, 21:15","2025-03-02, 21:25","20ml, formula",,,20
Feeding,Bottle,"2025-03-02, 20:10","2025-03-02, 20:30","40ml, formula",,,40
Feeding,Bottle,"2025-03-02, 17:55","2025-03-02, 18:25","120ml, formula",,,120
Feeding,Bottle,"2025-03-02, 15:15","2025-03-02, 15:30","100ml, formula",,,100
Feeding,Bottle,"2025-03-02, 13:15","2025-03-02, 13:30","120ml, formula",,,120
Feeding,Bottle,"2025-03-02, 10:30","2025-03-02, 10:40","60ml, formula",,,60
Feeding,Bottle,"2025-03-02, 08:15","2025-03-02, 08:30","120ml, formula",,,120
Feeding,Bottle,"2025-03-02, 04:25","2025-03-02, 04:40","80ml, formula",,,80
Feeding,Bottle,"2025-03-02, 01:45","2025-03-02, 02:00","65ml, formula",,,65
Feeding,Bottle,"2025-03-01, 19:55","2025-03-01, 20:05","65ml, formula",,,65
Feeding,Bottle,"2025-03-01, 17:40","2025-03-01, 17:55","120ml, formula",,,120
Feeding,Bottle,"2025-03-01, 15:20","2025-03-01, 15:35","120ml, formula",,,120
Feeding,Bottle,"2025-03-01, 12:30","2025-03-01, 12:45","110ml, formula",,,110
Feeding,Bottle,"2025-03-01, 10:20","2025-03-01, 10:30","60ml, formula",,,60
Feeding,Bottle,"2025-03-01, 08:30","2025-03-01, 08:49","80ml, formula",,,80
Feeding,Bottle,"2025-03-01, 06:00","2025-03-01, 06:10","40ml, formula",,,40
Feeding,Bottle,"2025-03-01, 02:10","2025-03-01, 02:30","80ml, formula",,,80
Feeding,Bottle,"2025-02-28, 20:25","2025-02-28, 20:35","90ml, formula",,,90
Feeding,Bottle,"2025-02-28, 18:20","2025-02-28, 18:30","80ml, formula",,,80
Feeding,Bottle,"2025-02-28, 15:45","2025-02-28, 16:00","110ml, formula",,,110
Feeding,Bottle,"2025-02-28, 13:05","2025-02-28, 13:15","80ml, formula",,,80
Feeding,Bottle,"2025-02-28, 11:20","2025-02-28, 11:30","70ml, formula",,,70
Feeding,Bottle,"2025-02-28, 09:15","2025-02-28, 09:25","100ml, formula",,,100
Feeding,Bottle,"2025-02-28, 07:15","2025-02-28, 07:25","60ml, formula",,,60
Feeding,Bottle,"2025-02-28, 03:20","2025-02-28, 03:30","120ml, formula",,,120
Feeding,Bottle,"2025-02-27, 21:00","2025-02-27, 22:00","80ml, formula",,,80
Feeding,Bottle,"2025-02-27, 18:10","2025-02-27, 18:57","110ml, formula",,,110
Feeding,Bottle,"2025-02-27, 15:20","2025-02-27, 15:30","70ml, formula",,,70
Feeding,Bottle,"2025-02-27, 12:45","2025-02-27, 13:00","100ml, formula",,,100
Feeding,Bottle,"2025-02-27, 10:15","2025-02-27, 10:30","100ml, formula",,,100
Feeding,Bottle,"2025-02-27, 07:10","2025-02-27, 07:30","90ml, formula",,,90
Feeding,Bottle,"2025-02-27, 04:10","2025-02-27, 04:20","70ml, formula",,,70
Feeding,Bottle,"2025-02-26, 22:00","2025-02-26, 22:20","70ml, formula",,,70
Feeding,Bottle,"2025-02-26, 19:05","2025-02-26, 19:25","110ml, formula",,,110
Feeding,Bottle,"2025-02-26, 16:30","2025-02-26, 16:50","100ml, formula",,,100
Feeding,Bottle,"2025-02-26, 14:20","2025-02-26, 14:30","100ml, formula",,,100
Feeding,Bottle,"2025-02-26, 12:00","2025-02-26, 12:15","110ml, formula",,,110
Feeding,Bottle,"2025-02-26, 09:00","2025-02-26, 09:15","120ml, formula",,,120
Feeding,Bottle,"2025-02-26, 06:10","2025-02-26, 06:30","60ml, formula",,,60
Feeding,Bottle,"2025-02-26, 03:15","2025-02-26, 03:25","110ml, formula",,,110
Feeding,Bottle,"2025-02-25, 23:45","2025-02-25, 23:55","40ml, formula",,,40
Feeding,Bottle,"2025-02-25, 20:00","2025-02-25, 20:15","100ml, formula",,,100
Feeding,Bottle,"2025-02-25, 17:25","2025-02-25, 17:40","110ml, formula",,,110
Feeding,Bottle,"2025-02-25, 15:45","2025-02-25, 16:00","90ml, formula",,,90
Feeding,Bottle,"2025-02-25, 12:30","2025-02-25, 13:17","70ml, formula",,,70
Feeding,Bottle,"2025-02-25, 09:15","2025-02-25, 09:30","90ml, formula",,,90
Feeding,Bottle,"2025-02-25, 06:30","2025-02-25, 06:45","100ml, formula",,,100
Feeding,Bottle,"2025-02-25, 03:10","2025-02-25, 03:30","40ml, formula",,,40
Feeding,Bottle,"2025-02-24, 22:45","2025-02-24, 23:00","90ml, formula",,,90
Feeding,Bottle,"2025-02-24, 21:00","2025-02-24, 21:15","45ml, formula",,,45
Feeding,Bottle,"2025-02-24, 18:30","2025-02-24, 18:37","110ml, formula",,,110
Feeding,Bottle,"2025-02-24, 16:50","2025-02-24, 17:00","70ml, formula",,,70
Feeding,Bottle,"2025-02-24, 14:10","2025-02-24, 14:25","80ml, formula",,,80
Feeding,Bottle,"2025-02-24, 11:00","2025-02-24, 11:15","60ml, formula",,,60
Feeding,Bottle,"2025-02-24, 08:10","2025-02-24, 08:30","80ml, formula",,,80
Feeding,Bottle,"2025-02-24, 04:30","2025-02-24, 04:45","100ml, formula",,,100
Feeding,Bottle,"2025-02-24, 00:00","2025-02-24, 00:15","95ml, formula",,,95
Feeding,Bottle,"2025-02-23, 20:40","2025-02-23, 20:55","120ml, formula",,,120
Feeding,Bottle,"2025-02-23, 17:45","2025-02-23, 18:15","120ml, formula",,,120
Feeding,Bottle,"2025-02-23, 15:10","2025-02-23, 15:25","90ml, formula",,,90
Feeding,Bottle,"2025-02-23, 12:15","2025-02-23, 12:30","100ml, formula",,,100
Feeding,Bottle,"2025-02-23, 10:15","2025-02-23, 10:35","90ml, formula",,,90
Feeding,Bottle,"2025-02-23, 07:55","2025-02-23, 08:25","110ml, formula",,,110
Feeding,Bottle,"2025-02-23, 04:05","2025-02-23, 04:35","80ml, formula",,,80
Feeding,Bottle,"2025-02-23, 02:00","2025-02-23, 02:05","20ml, formula",,,20
Feeding,Bottle,"2025-02-22, 22:20","2025-02-22, 22:35","110ml, formula",,,110
Feeding,Bottle,"2025-02-22, 19:45","2025-02-22, 20:00","110ml, formula",,,110
Feeding,Bottle,"2025-02-22, 17:30","2025-02-22, 17:45","110ml, formula",,,110
Feeding,Bottle,"2025-02-22, 15:30","2025-02-22, 15:45","110ml, formula",,,110
Feeding,Bottle,"2025-02-22, 12:40","2025-02-22, 13:00","80ml, formula",,,80
Feeding,Bottle,"2025-02-22, 09:40","2025-02-22, 10:20","120ml, formula",,,120
Feeding,Bottle,"2025-02-22, 07:10","2025-02-22, 07:25","70ml, formula",,,70
Feeding,Bottle,"2025-02-22, 03:35","2025-02-22, 03:45","80ml, formula",,,80
Feeding,Bottle,"2025-02-22, 00:05","2025-02-22, 00:20","30ml, formula",,,30
Feeding,Bottle,"2025-02-21, 20:30","2025-02-21, 20:45","90ml, formula",,,90
Feeding,Bottle,"2025-02-21, 18:25","2025-02-21, 18:40","100ml, formula",,,100
Feeding,Bottle,"2025-02-21, 16:00","2025-02-21, 16:20","80ml, formula",,,80
Feeding,Bottle,"2025-02-21, 13:45","2025-02-21, 13:55","60ml, formula",,,60
Feeding,Bottle,"2025-02-21, 11:05","2025-02-21, 11:15","120ml, formula",,,120
Feeding,Bottle,"2025-02-21, 08:35","2025-02-21, 08:50","90ml, formula",,,90
Feeding,Bottle,"2025-02-21, 05:00","2025-02-21, 05:30","85ml, formula",,,85
Feeding,Bottle,"2025-02-21, 01:40","2025-02-21, 01:50","20ml, formula",,,20
Feeding,Bottle,"2025-02-20, 22:05","2025-02-20, 22:25","90ml, formula",,,90
Feeding,Bottle,"2025-02-20, 19:45","2025-02-20, 20:00","90ml, formula",,,90
Feeding,Bottle,"2025-02-20, 17:15","2025-02-20, 17:30","120ml, formula",,,120
Feeding,Bottle,"2025-02-20, 15:00","2025-02-20, 15:30","120ml, formula",,,120
Feeding,Bottle,"2025-02-20, 11:40","2025-02-20, 12:00","85ml, formula",,,85
Feeding,Bottle,"2025-02-20, 08:30","2025-02-20, 08:50","100ml, formula",,,100
Feeding,Bottle,"2025-02-20, 05:25","2025-02-20, 05:40","50ml, formula",,,50
Feeding,Bottle,"2025-02-20, 02:25","2025-02-20, 02:44","65ml, formula",,,65
Feeding,Bottle,"2025-02-19, 22:45","2025-02-19, 23:04","90ml, formula",,,90
Feeding,Bottle,"2025-02-19, 20:40","2025-02-19, 20:55","30ml, formula",,,30
Feeding,Bottle,"2025-02-19, 18:50","2025-02-19, 19:10","90ml, formula",,,90
Feeding,Bottle,"2025-02-19, 17:05","2025-02-19, 17:15","60ml, formula",,,60
Feeding,Bottle,"2025-02-19, 15:20","2025-02-19, 15:40","100ml, formula",,,100
Feeding,Bottle,"2025-02-19, 12:30","2025-02-19, 12:45","70ml, formula",,,70
Feeding,Bottle,"2025-02-19, 10:20","2025-02-19, 10:40","90ml, formula",,,90
Feeding,Bottle,"2025-02-19, 08:20","2025-02-19, 08:43","90ml, formula",,,90
Feeding,Bottle,"2025-02-19, 04:30","2025-02-19, 05:00","75ml, formula",,,75
Feeding,Bottle,"2025-02-18, 22:50","2025-02-18, 23:15","60ml, formula",,,60
Feeding,Bottle,"2025-02-18, 20:20","2025-02-18, 20:30","100ml, formula",,,100
Feeding,Bottle,"2025-02-18, 18:15","2025-02-18, 18:30","90ml, formula",,,90
Feeding,Bottle,"2025-02-18, 16:45","2025-02-18, 17:05","110ml, formula",,,110
Feeding,Bottle,"2025-02-18, 14:00","2025-02-18, 14:25","90ml, formula",,,90
Feeding,Bottle,"2025-02-18, 11:20","2025-02-18, 11:50","90ml, formula",,,90
Feeding,Bottle,"2025-02-18, 07:30","2025-02-18, 08:45","100ml, formula",,,100
Feeding,Bottle,"2025-02-18, 03:40","2025-02-18, 03:50","60ml, formula",,,60
Feeding,Bottle,"2025-02-17, 23:55","2025-02-18, 00:15","25ml, formula",,,25
Feeding,Bottle,"2025-02-17, 20:30","2025-02-17, 20:45","90ml, formula",,,90
Feeding,Bottle,"2025-02-17, 18:10","2025-02-17, 18:30","110ml, formula",,,110
Feeding,Bottle,"2025-02-17, 16:15","2025-02-17, 16:25","70ml, formula",,,70
Feeding,Bottle,"2025-02-17, 14:30","2025-02-17, 15:00","70ml, formula",,,70
Feeding,Bottle,"2025-02-17, 13:00","2025-02-17, 13:20","70ml, formula",,,70
Feeding,Bottle,"2025-02-17, 09:45","2025-02-17, 10:15","90ml, formula",,,90
Feeding,Bottle,"2025-02-17, 06:55","2025-02-17, 07:25","90ml, formula",,,90
Feeding,Bottle,"2025-02-17, 03:30","2025-02-17, 03:40","30ml, formula",,,30
Feeding,Bottle,"2025-02-16, 23:40","2025-02-16, 23:55","40ml, formula",,,40
Feeding,Bottle,"2025-02-16, 20:10","2025-02-16, 20:30","130ml, formula",,,130
Feeding,Bottle,"2025-02-16, 19:10","2025-02-16, 19:25","50ml, formula",,,50
Feeding,Bottle,"2025-02-16, 17:00","2025-02-16, 17:30","110ml, formula",,,110
Feeding,Bottle,"2025-02-16, 14:50","2025-02-16, 15:10","100ml, formula",,,100
Feeding,Bottle,"2025-02-16, 12:15","2025-02-16, 12:45","100ml, formula",,,100
Feeding,Bottle,"2025-02-16, 08:45","2025-02-16, 09:15","100ml, formula",,,100
Feeding,Bottle,"2025-02-16, 06:00","2025-02-16, 06:20","50ml, formula",,,50
Feeding,Bottle,"2025-02-16, 02:15","2025-02-16, 02:45","80ml, formula",,,80
Feeding,Bottle,"2025-02-15, 22:50","2025-02-15, 23:04","60ml, formula",,,60
Feeding,Bottle,"2025-02-15, 19:00","2025-02-15, 19:30","110ml, formula",,,110
Feeding,Bottle,"2025-02-15, 16:45","2025-02-15, 17:15","110ml, formula",,,110
Feeding,Bottle,"2025-02-15, 14:15","2025-02-15, 14:45","140ml, formula",,,140
Feeding,Bottle,"2025-02-15, 12:00","2025-02-15, 12:30","110ml, formula",,,110
Feeding,Bottle,"2025-02-15, 09:10","2025-02-15, 09:44","100ml, formula",,,100
Feeding,Bottle,"2025-02-15, 07:10","2025-02-15, 07:30","50ml, formula",,,50
Feeding,Bottle,"2025-02-15, 04:00","2025-02-15, 04:15","90ml, formula",,,90
Feeding,Bottle,"2025-02-15, 00:35","2025-02-15, 01:05","50ml, formula",,,50
Feeding,Bottle,"2025-02-14, 20:45","2025-02-14, 21:15","95ml, formula",,,95
Feeding,Bottle,"2025-02-14, 17:45","2025-02-14, 18:15","110ml, formula",,,110
Feeding,Bottle,"2025-02-14, 15:00","2025-02-14, 15:20","100ml, formula",,,100
Feeding,Bottle,"2025-02-14, 12:15","2025-02-14, 12:49","100ml, formula",,,100
Feeding,Bottle,"2025-02-14, 09:30","2025-02-14, 09:50","100ml, formula",,,100
Feeding,Bottle,"2025-02-14, 07:20","2025-02-14, 07:40","50ml, formula",,,50
Feeding,Bottle,"2025-02-14, 03:45","2025-02-14, 04:00","50ml, formula",,,50
Feeding,Bottle,"2025-02-14, 00:50","2025-02-14, 01:20","35ml, formula",,,35
Feeding,Bottle,"2025-02-13, 21:10","2025-02-13, 21:30","80ml, formula",,,80
Feeding,Bottle,"2025-02-13, 18:20","2025-02-13, 18:45","100ml, formula",,,100
Feeding,Bottle,"2025-02-13, 15:30","2025-02-13, 16:00","120ml, formula",,,120
Feeding,Bottle,"2025-02-13, 13:00","2025-02-13, 13:30","120ml, formula",,,120
Feeding,Bottle,"2025-02-13, 09:45","2025-02-13, 10:15","80ml, formula",,,80
Feeding,Bottle,"2025-02-13, 07:30","2025-02-13, 08:00","80ml, formula",,,80
Feeding,Bottle,"2025-02-13, 04:10","2025-02-13, 04:33","70ml, formula",,,70
Feeding,Bottle,"2025-02-13, 00:30","2025-02-13, 01:00","70ml, formula",,,70
Feeding,Bottle,"2025-02-12, 20:50","2025-02-12, 21:10","120ml, formula",,,120
Feeding,Bottle,"2025-02-12, 18:00","2025-02-12, 18:30","120ml, formula",,,120
Feeding,Bottle,"2025-02-12, 14:45","2025-02-12, 15:05","120ml, formula",,,120
Feeding,Bottle,"2025-02-12, 12:05","2025-02-12, 12:35","90ml, formula",,,90
Feeding,Bottle,"2025-02-12, 09:15","2025-02-12, 09:45","90ml, formula",,,90
Feeding,Bottle,"2025-02-12, 06:00","2025-02-12, 06:30","80ml, formula",,,80
Feeding,Bottle,"2025-02-12, 03:00","2025-02-12, 03:30","60ml, formula",,,60
Feeding,Bottle,"2025-02-11, 23:15","2025-02-11, 23:45","50ml, formula",,,50
Feeding,Bottle,"2025-02-11, 20:15","2025-02-11, 20:40","100ml, formula",,,100
Feeding,Bottle,"2025-02-11, 18:15","2025-02-11, 18:45","120ml, formula",,,120
Feeding,Bottle,"2025-02-11, 14:50","2025-02-11, 15:15","120ml, formula",,,120
Feeding,Bottle,"2025-02-11, 11:50","2025-02-11, 12:30","120ml, formula",,,120
Feeding,Bottle,"2025-02-11, 07:50","2025-02-11, 08:20","60ml, formula",,,60
Feeding,Bottle,"2025-02-11, 04:15","2025-02-11, 04:45","60ml, formula",,,60
Feeding,Bottle,"2025-02-11, 00:35","2025-02-11, 00:55","60ml, formula",,,60
Feeding,Bottle,"2025-02-10, 20:40","2025-02-10, 21:00","120ml, formula",,,120
Feeding,Bottle,"2025-02-10, 17:45","2025-02-10, 18:15","120ml, formula",,,120
Feeding,Bottle,"2025-02-10, 14:40","2025-02-10, 15:10","120ml, formula",,,120
Feeding,Bottle,"2025-02-10, 11:15","2025-02-10, 11:45","65ml, formula",,,65
Feeding,Bottle,"2025-02-10, 08:30","2025-02-10, 09:00","80ml, formula",,,80
Feeding,Bottle,"2025-02-10, 06:00","2025-02-10, 06:20","50ml, formula",,,50
Feeding,Bottle,"2025-02-10, 02:20","2025-02-10, 02:50","60ml, formula",,,60
Feeding,Bottle,"2025-02-09, 22:30","2025-02-09, 23:00","40ml, formula",,,40
Feeding,Bottle,"2025-02-09, 20:15","2025-02-09, 20:40","70ml, formula",,,70
Feeding,Bottle,"2025-02-09, 18:00","2025-02-09, 18:20","70ml, formula",,,70
Feeding,Bottle,"2025-02-09, 16:00","2025-02-09, 16:28","70ml, formula",,,70
Feeding,Bottle,"2025-02-09, 13:15","2025-02-09, 13:45","120ml, formula",,,120
Feeding,Bottle,"2025-02-09, 10:20","2025-02-09, 10:50","80ml, formula",,,80
Feeding,Bottle,"2025-02-09, 07:50","2025-02-09, 08:10","100ml, formula",,,100
Feeding,Bottle,"2025-02-09, 04:35","2025-02-09, 05:05","100ml, formula",,,100
Feeding,Bottle,"2025-02-09, 01:00","2025-02-09, 01:25","50ml, formula",,,50
Feeding,Bottle,"2025-02-08, 21:35","2025-02-08, 21:50","80ml, formula",,,80
Feeding,Bottle,"2025-02-08, 18:15","2025-02-08, 18:35","60ml, formula",,,60
Feeding,Bottle,"2025-02-08, 15:45","2025-02-08, 16:15","120ml, formula",,,120
Feeding,Bottle,"2025-02-08, 13:15","2025-02-08, 13:45","100ml, formula",,,100
Feeding,Bottle,"2025-02-08, 10:50","2025-02-08, 11:20","100ml, formula",,,100
Feeding,Bottle,"2025-02-08, 08:15","2025-02-08, 08:45","95ml, formula",,,95
Feeding,Bottle,"2025-02-08, 04:20","2025-02-08, 04:50","95ml, formula",,,95
Feeding,Bottle,"2025-02-08, 01:25","2025-02-08, 01:40","80ml, formula",,,80
Feeding,Bottle,"2025-02-07, 21:30","2025-02-07, 22:00","80ml, formula",,,80
Feeding,Bottle,"2025-02-07, 19:30","2025-02-07, 20:00","120ml, formula",,,120
Feeding,Bottle,"2025-02-07, 17:00","2025-02-07, 17:30","120ml, formula",,,120
Feeding,Bottle,"2025-02-07, 14:00","2025-02-07, 14:30","110ml, formula",,,110
Feeding,Bottle,"2025-02-07, 11:55","2025-02-07, 12:15","80ml, formula",,,80
Feeding,Bottle,"2025-02-07, 09:30","2025-02-07, 10:20","110ml, formula",,,110
Feeding,Bottle,"2025-02-07, 07:25","2025-02-07, 07:40","40ml, formula",,,40
Feeding,Bottle,"2025-02-07, 04:10","2025-02-07, 04:50","80ml, formula",,,80
Feeding,Bottle,"2025-02-07, 01:10","2025-02-07, 01:20","25ml, formula",,,25
Feeding,Bottle,"2025-02-06, 21:15","2025-02-06, 21:45","90ml, formula",,,90
Feeding,Bottle,"2025-02-06, 18:45","2025-02-06, 19:15","120ml, formula",,,120
Feeding,Bottle,"2025-02-06, 16:15","2025-02-06, 16:45","140ml, formula",,,140
Feeding,Bottle,"2025-02-06, 13:15","2025-02-06, 13:45","110ml, formula",,,110
Feeding,Bottle,"2025-02-06, 11:10","2025-02-06, 11:40","50ml, formula",,,50
Feeding,Bottle,"2025-02-06, 08:25","2025-02-06, 08:55","70ml, formula",,,70
Feeding,Bottle,"2025-02-06, 05:20","2025-02-06, 05:50","60ml, formula",,,60
Feeding,Bottle,"2025-02-06, 01:40","2025-02-06, 01:55","50ml, formula",,,50
Feeding,Bottle,"2025-02-05, 22:00","2025-02-05, 22:15","30ml, formula",,,30
Feeding,Bottle,"2025-02-05, 19:45","2025-02-05, 20:15","120ml, formula",,,120
Feeding,Bottle,"2025-02-05, 17:15","2025-02-05, 17:30","120ml, formula",,,120
Feeding,Bottle,"2025-02-05, 15:20","2025-02-05, 15:35","55ml, formula",,,55
Feeding,Bottle,"2025-02-05, 13:30","2025-02-05, 14:00","70ml, formula",,,70
Feeding,Bottle,"2025-02-05, 11:30","2025-02-05, 11:45","55ml, formula",,,55
Feeding,Bottle,"2025-02-05, 09:10","2025-02-05, 09:50","80ml, formula",,,80
Feeding,Bottle,"2025-02-05, 06:50","2025-02-05, 07:10","60ml, formula",,,60
Feeding,Bottle,"2025-02-05, 03:10","2025-02-05, 03:40","60ml, formula",,,60
Feeding,Bottle,"2025-02-04, 23:40","2025-02-04, 23:50","40ml, formula",,,40
Feeding,Bottle,"2025-02-04, 19:40","2025-02-04, 20:10","100ml, formula",,,100
Feeding,Bottle,"2025-02-04, 17:45","2025-02-04, 18:10","80ml, formula",,,80
Feeding,Bottle,"2025-02-04, 15:50","2025-02-04, 16:05","100ml, formula",,,100
Feeding,Bottle,"2025-02-04, 13:15","2025-02-04, 13:45","80ml, formula",,,80
Feeding,Bottle,"2025-02-04, 11:15","2025-02-04, 11:30","70ml, formula",,,70
Feeding,Bottle,"2025-02-04, 09:15","2025-02-04, 09:30","70ml, formula",,,70
Feeding,Bottle,"2025-02-04, 06:15","2025-02-04, 06:45","50ml, formula",,,50
Feeding,Bottle,"2025-02-04, 02:55","2025-02-04, 03:10","30ml, formula",,,30
Feeding,Bottle,"2025-02-03, 23:00","2025-02-03, 23:30","40ml, formula",,,40
Feeding,Bottle,"2025-02-03, 19:50","2025-02-03, 20:50","140ml, formula",,,140
Feeding,Bottle,"2025-02-03, 17:00","2025-02-03, 17:30","70ml, formula",,,70
Feeding,Bottle,"2025-02-03, 14:40","2025-02-03, 15:10","80ml, formula",,,80
Feeding,Bottle,"2025-02-03, 12:45","2025-02-03, 13:15","80ml, formula",,,80
Feeding,Bottle,"2025-02-03, 09:10","2025-02-03, 09:40","120ml, formula",,,120
Feeding,Bottle,"2025-02-03, 05:40","2025-02-03, 06:00","40ml, formula",,,40
Feeding,Bottle,"2025-02-03, 02:45","2025-02-03, 03:00","35ml, formula",,,35
Feeding,Bottle,"2025-02-02, 22:20","2025-02-02, 22:30","40ml, formula",,,40
Feeding,Bottle,"2025-02-02, 20:40","2025-02-02, 21:10","70ml, formula",,,70
Feeding,Bottle,"2025-02-02, 19:15","2025-02-02, 19:30","45ml, formula",,,45
Feeding,Bottle,"2025-02-02, 17:30","2025-02-02, 18:00","120ml, formula",,,120
Feeding,Bottle,"2025-02-02, 15:25","2025-02-02, 15:40","55ml, formula",,,55
Feeding,Bottle,"2025-02-02, 13:15","2025-02-02, 13:30","70ml, formula",,,70
Feeding,Bottle,"2025-02-02, 10:30","2025-02-02, 11:00","80ml, formula",,,80
Feeding,Bottle,"2025-02-02, 06:50","2025-02-02, 07:05","40ml, formula",,,40
Feeding,Bottle,"2025-02-02, 03:55","2025-02-02, 04:30","65ml, formula",,,65
Feeding,Bottle,"2025-02-02, 01:00","2025-02-02, 01:10","30ml, formula",,,30
Feeding,Bottle,"2025-02-01, 21:05","2025-02-01, 21:35","120ml, formula",,,120
Feeding,Bottle,"2025-02-01, 19:45","2025-02-01, 20:00","50ml, formula",,,50
Feeding,Bottle,"2025-02-01, 18:20","2025-02-01, 18:50","70ml, formula",,,70
Feeding,Bottle,"2025-02-01, 16:00","2025-02-01, 16:30","110ml, formula",,,110
Feeding,Bottle,"2025-02-01, 13:30","2025-02-01, 14:00","90ml, formula",,,90
Feeding,Bottle,"2025-02-01, 10:45","2025-02-01, 11:25","110ml, formula",,,110
Feeding,Bottle,"2025-02-01, 08:00","2025-02-01, 08:15","50ml, formula",,,50
Feeding,Bottle,"2025-02-01, 03:55","2025-02-01, 04:30","65ml, formula",,,65
Feeding,Bottle,"2025-02-01, 00:25","2025-02-01, 00:35","25ml, formula",,,25
Feeding,Bottle,"2025-01-31, 20:35","2025-01-31, 22:00","100ml, formula",,,100
Feeding,Bottle,"2025-01-31, 18:20","2025-01-31, 18:50","100ml, formula",,,100
Feeding,Bottle,"2025-01-31, 15:50","2025-01-31, 16:25","110ml, formula",,,110
Feeding,Bottle,"2025-01-31, 13:30","2025-01-31, 14:00","70ml, formula",,,70
Feeding,Bottle,"2025-01-31, 11:15","2025-01-31, 11:40","70ml, formula",,,70
Feeding,Bottle,"2025-01-31, 09:00","2025-01-31, 09:30","70ml, formula",,,70
Feeding,Bottle,"2025-01-31, 06:05","2025-01-31, 06:35","45ml, formula",,,45
Feeding,Bottle,"2025-01-31, 03:20","2025-01-31, 03:50","90ml, formula",,,90
Feeding,Bottle,"2025-01-30, 23:40","2025-01-31, 00:00","35ml, formula",,,35
Feeding,Bottle,"2025-01-30, 20:10","2025-01-30, 20:50","110ml, formula",,,110
Feeding,Bottle,"2025-01-30, 18:15","2025-01-30, 18:45","75ml, formula",,,75
Feeding,Bottle,"2025-01-30, 16:05","2025-01-30, 17:00","110ml, formula",,,110
Feeding,Bottle,"2025-01-30, 13:15","2025-01-30, 13:45","110ml, formula",,,110
Feeding,Bottle,"2025-01-30, 09:45","2025-01-30, 10:15","70ml, formula",,,70
Feeding,Bottle,"2025-01-30, 08:15","2025-01-30, 08:45","60ml, formula",,,60
Feeding,Bottle,"2025-01-30, 04:35","2025-01-30, 05:20","60ml, formula",,,60
Feeding,Bottle,"2025-01-30, 01:15","2025-01-30, 01:45","50ml, formula",,,50
Feeding,Bottle,"2025-01-29, 21:30","2025-01-29, 21:50","70ml, formula",,,70
Feeding,Bottle,"2025-01-29, 19:10","2025-01-29, 19:50","110ml, formula",,,110
Feeding,Bottle,"2025-01-29, 16:15","2025-01-29, 16:45","100ml, formula",,,100
Feeding,Bottle,"2025-01-29, 14:00","2025-01-29, 14:30","90ml, formula",,,90
Feeding,Bottle,"2025-01-29, 11:30","2025-01-29, 12:00","110ml, formula",,,110
Feeding,Bottle,"2025-01-29, 08:45","2025-01-29, 09:30","90ml, formula",,,90
Feeding,Bottle,"2025-01-29, 05:30","2025-01-29, 05:45","50ml, formula",,,50
Feeding,Bottle,"2025-01-29, 02:00","2025-01-29, 02:45","90ml, formula",,,90
Feeding,Bottle,"2025-01-28, 21:15","2025-01-28, 21:34","50ml, formula",,,50
Feeding,Bottle,"2025-01-28, 19:30","2025-01-28, 20:00","100ml, formula",,,100
Feeding,Bottle,"2025-01-28, 17:45","2025-01-28, 18:10","70ml, formula",,,70
Feeding,Bottle,"2025-01-28, 15:30","2025-01-28, 15:50","100ml, formula",,,100
Feeding,Bottle,"2025-01-28, 12:10","2025-01-28, 12:30","80ml, formula",,,80
Feeding,Bottle,"2025-01-28, 09:00","2025-01-28, 10:00","60ml, formula",,,60
Feeding,Bottle,"2025-01-28, 06:00","2025-01-28, 06:30","50ml, formula",,,50
Feeding,Bottle,"2025-01-28, 02:35","2025-01-28, 03:05","50ml, formula",,,50
Feeding,Bottle,"2025-01-27, 23:05","2025-01-27, 23:40","60ml, formula",,,60
Feeding,Bottle,"2025-01-27, 20:30","2025-01-27, 21:00","80ml, formula",,,80
Feeding,Bottle,"2025-01-27, 18:45","2025-01-27, 19:10","100ml, formula",,,100
Feeding,Bottle,"2025-01-27, 16:15","2025-01-27, 16:35","40ml, formula",,,40
Feeding,Bottle,"2025-01-27, 14:55","2025-01-27, 15:15","70ml, formula",,,70
Feeding,Bottle,"2025-01-27, 12:40","2025-01-27, 13:00","60ml, formula",,,60
Feeding,Bottle,"2025-01-27, 10:15","2025-01-27, 10:35","90ml, formula",,,90
Feeding,Bottle,"2025-01-27, 06:55","2025-01-27, 07:15","50ml, formula",,,50
Feeding,Bottle,"2025-01-27, 03:15","2025-01-27, 03:45","75ml, formula",,,75
Feeding,Bottle,"2025-01-27, 00:15","2025-01-27, 00:45","60ml, formula",,,60
Feeding,Bottle,"2025-01-26, 20:35","2025-01-26, 21:25","115ml, formula",,,115
Feeding,Bottle,"2025-01-26, 17:45","2025-01-26, 18:10","100ml, formula",,,100
Feeding,Bottle,"2025-01-26, 15:00","2025-01-26, 15:30","110ml, formula",,,110
Feeding,Bottle,"2025-01-26, 12:15","2025-01-26, 12:35","100ml, formula",,,100
Feeding,Bottle,"2025-01-26, 09:30","2025-01-26, 10:00","80ml, formula",,,80
Feeding,Bottle,"2025-01-26, 05:45","2025-01-26, 06:10","60ml, formula",,,60
Feeding,Bottle,"2025-01-26, 02:00","2025-01-26, 02:30","80ml, formula",,,80
Feeding,Bottle,"2025-01-25, 22:00","2025-01-25, 22:30","60ml, formula",,,60
Feeding,Bottle,"2025-01-25, 20:30","2025-01-25, 21:00","60ml, formula",,,60
Feeding,Bottle,"2025-01-25, 19:00","2025-01-25, 19:20","80ml, formula",,,80
Feeding,Bottle,"2025-01-25, 16:55","2025-01-25, 17:15","80ml, formula",,,80
Feeding,Bottle,"2025-01-25, 15:00","2025-01-25, 15:30","70ml, formula",,,70
Feeding,Bottle,"2025-01-25, 13:45","2025-01-25, 14:10","90ml, formula",,,90
Feeding,Bottle,"2025-01-25, 11:15","2025-01-25, 11:45","70ml, formula",,,70
Feeding,Bottle,"2025-01-25, 08:30","2025-01-25, 09:00","90ml, formula",,,90
Feeding,Bottle,"2025-01-25, 04:45","2025-01-25, 05:15","60ml, formula",,,60
Feeding,Bottle,"2025-01-25, 02:00","2025-01-25, 02:20","40ml, formula",,,40
Feeding,Bottle,"2025-01-24, 22:00","2025-01-24, 22:40","80ml, formula",,,80
Feeding,Bottle,"2025-01-24, 20:00","2025-01-24, 20:30","120ml, formula",,,120
Feeding,Bottle,"2025-01-24, 17:10","2025-01-24, 17:50","100ml, formula",,,100
Feeding,Bottle,"2025-01-24, 14:30","2025-01-24, 15:00","90ml, formula",,,90
Feeding,Bottle,"2025-01-24, 11:30","2025-01-24, 12:00","70ml, formula",,,70
Feeding,Bottle,"2025-01-24, 09:00","2025-01-24, 09:30","70ml, formula",,,70
Feeding,Bottle,"2025-01-24, 05:55","2025-01-24, 06:30","60ml, formula",,,60
Feeding,Bottle,"2025-01-24, 02:55","2025-01-24, 03:30","70ml, formula",,,70
Feeding,Bottle,"2025-01-23, 23:05","2025-01-23, 23:30","65ml, formula",,,65
Feeding,Bottle,"2025-01-23, 20:05","2025-01-23, 20:35","100ml, formula",,,100
Feeding,Bottle,"2025-01-23, 17:15","2025-01-23, 17:45","80ml, formula",,,80
Feeding,Bottle,"2025-01-23, 15:00","2025-01-23, 15:30","70ml, formula",,,70
Feeding,Bottle,"2025-01-23, 12:45","2025-01-23, 13:04","75ml, formula",,,75
Feeding,Bottle,"2025-01-23, 10:00","2025-01-23, 10:30","110ml, formula",,,110
Feeding,Bottle,"2025-01-23, 06:30","2025-01-23, 07:00","50ml, formula",,,50
Feeding,Bottle,"2025-01-23, 03:30","2025-01-23, 04:00","60ml, formula",,,60
Feeding,Bottle,"2025-01-22, 23:45","2025-01-22, 23:55","10ml, formula",,,10
Feeding,Bottle,"2025-01-22, 20:45","2025-01-22, 22:15","110ml, formula",,,110
Feeding,Bottle,"2025-01-22, 17:45","2025-01-22, 19:25","110ml, formula",,,110
Feeding,Bottle,"2025-01-22, 14:45","2025-01-22, 15:15","90ml, formula",,,90
Feeding,Bottle,"2025-01-22, 11:50","2025-01-22, 12:20","110ml, formula",,,110
Feeding,Bottle,"2025-01-22, 08:10","2025-01-22, 08:20","90ml, formula",,,90
Feeding,Bottle,"2025-01-22, 05:10","2025-01-22, 05:20","30ml, formula",,,30
Feeding,Bottle,"2025-01-22, 01:30","2025-01-22, 02:00","60ml, formula",,,60
Feeding,Bottle,"2025-01-21, 21:10","2025-01-21, 21:30","40ml, formula",,,40
Feeding,Bottle,"2025-01-21, 18:50","2025-01-21, 19:20","100ml, formula",,,100
Feeding,Bottle,"2025-01-21, 16:15","2025-01-21, 16:45","110ml, formula",,,110
Feeding,Bottle,"2025-01-21, 13:30","2025-01-21, 14:00","60ml, formula",,,60
Feeding,Bottle,"2025-01-21, 11:15","2025-01-21, 11:45","90ml, formula",,,90
Feeding,Bottle,"2025-01-21, 08:30","2025-01-21, 09:00","100ml, formula",,,100
Feeding,Bottle,"2025-01-21, 05:50","2025-01-21, 06:20","50ml, formula",,,50
Feeding,Bottle,"2025-01-21, 02:45","2025-01-21, 03:15","50ml, formula",,,50
Feeding,Bottle,"2025-01-20, 23:30","2025-01-21, 00:00","35ml, formula",,,35
Feeding,Bottle,"2025-01-20, 22:00","2025-01-20, 22:30","60ml, formula",,,60
Feeding,Bottle,"2025-01-20, 20:20","2025-01-20, 20:55","70ml, formula",,,70
Feeding,Bottle,"2025-01-20, 18:45","2025-01-20, 19:15","60ml, formula",,,60
Feeding,Bottle,"2025-01-20, 15:50","2025-01-20, 16:25","100ml, formula",,,100
Feeding,Bottle,"2025-01-20, 13:40","2025-01-20, 14:10","65ml, formula",,,65
Feeding,Bottle,"2025-01-20, 10:50","2025-01-20, 11:20","50ml, formula",,,50
Feeding,Bottle,"2025-01-20, 08:50","2025-01-20, 09:20","90ml, formula",,,90
Feeding,Bottle,"2025-01-20, 05:30","2025-01-20, 05:50","90ml, formula",,,90
Feeding,Bottle,"2025-01-20, 01:45","2025-01-20, 02:15","90ml, formula",,,90
Feeding,Bottle,"2025-01-19, 21:50","2025-01-19, 22:20","80ml, formula",,,80
Feeding,Bottle,"2025-01-19, 19:25","2025-01-19, 19:50","50ml, formula",,,50
Feeding,Bottle,"2025-01-19, 17:00","2025-01-19, 17:30","90ml, formula",,,90
Feeding,Bottle,"2025-01-19, 15:15","2025-01-19, 15:45","70ml, formula",,,70
Feeding,Bottle,"2025-01-19, 12:15","2025-01-19, 12:45","70ml, formula",,,70
Feeding,Bottle,"2025-01-19, 09:05","2025-01-19, 09:30","110ml, formula",,,110
Feeding,Bottle,"2025-01-19, 06:50","2025-01-19, 07:20","50ml, formula",,,50
Feeding,Bottle,"2025-01-19, 03:20","2025-01-19, 03:50","80ml, formula",,,80
Feeding,Bottle,"2025-01-19, 00:45","2025-01-19, 01:00","70ml, formula",,,70
Feeding,Bottle,"2025-01-18, 21:15","2025-01-18, 21:25","70ml, formula",,,70
Feeding,Bottle,"2025-01-18, 19:45","2025-01-18, 20:15","45ml, formula",,,45
Feeding,Bottle,"2025-01-18, 17:50","2025-01-18, 18:20","70ml, formula",,,70
Feeding,Bottle,"2025-01-18, 15:40","2025-01-18, 15:55","70ml, formula",,,70
Feeding,Bottle,"2025-01-18, 12:45","2025-01-18, 13:00","70ml, formula",,,70
Feeding,Bottle,"2025-01-18, 09:00","2025-01-18, 09:30","50ml, formula",,,50
Feeding,Bottle,"2025-01-18, 06:30","2025-01-18, 06:55","50ml, formula",,,50
Feeding,Bottle,"2025-01-18, 03:00","2025-01-18, 03:30","45ml, formula",,,45
Feeding,Bottle,"2025-01-17, 23:40","2025-01-18, 00:00","50ml, formula",,,50
Feeding,Bottle,"2025-01-17, 20:20","2025-01-17, 21:15","110ml, formula",,,110
Feeding,Bottle,"2025-01-17, 18:30","2025-01-17, 19:00","70ml, formula",,,70
Feeding,Bottle,"2025-01-17, 15:15","2025-01-17, 15:45","60ml, formula",,,60
Feeding,Bottle,"2025-01-17, 12:15","2025-01-17, 12:45","50ml, formula",,,50
Feeding,Bottle,"2025-01-17, 09:30","2025-01-17, 10:00","70ml, formula",,,70
Feeding,Bottle,"2025-01-17, 06:25","2025-01-17, 06:45","60ml, formula",,,60
Feeding,Bottle,"2025-01-17, 03:40","2025-01-17, 04:05","55ml, formula",,,55
Feeding,Bottle,"2025-01-17, 00:00","2025-01-17, 00:15","25ml, formula",,,25
Feeding,Bottle,"2025-01-16, 22:00","2025-01-16, 22:10","10ml, formula",,,10
Feeding,Bottle,"2025-01-16, 20:45","2025-01-16, 21:45","80ml, formula",,,80
Feeding,Bottle,"2025-01-16, 18:05","2025-01-16, 18:50","100ml, formula",,,100
Feeding,Bottle,"2025-01-16, 15:20","2025-01-16, 15:40","110ml, formula",,,110
Feeding,Bottle,"2025-01-16, 12:15","2025-01-16, 12:45","60ml, formula",,,60
Feeding,Bottle,"2025-01-16, 09:45","2025-01-16, 10:15","80ml, formula",,,80
Feeding,Bottle,"2025-01-16, 06:35","2025-01-16, 07:15","60ml, formula",,,60
Feeding,Bottle,"2025-01-16, 03:50","2025-01-16, 04:20","80ml, formula",,,80
Feeding,Bottle,"2025-01-16, 00:45","2025-01-16, 01:15","50ml, formula",,,50
Feeding,Bottle,"2025-01-15, 21:00","2025-01-15, 21:30","45ml, formula",,,45
Feeding,Bottle,"2025-01-15, 18:45","2025-01-15, 19:15","70ml, formula",,,70
Feeding,Bottle,"2025-01-15, 16:40","2025-01-15, 17:00","60ml, formula",,,60
Feeding,Bottle,"2025-01-15, 13:50","2025-01-15, 14:30","60ml, formula",,,60
Feeding,Bottle,"2025-01-15, 11:34","2025-01-15, 12:05","80ml, formula",,,80
Feeding,Bottle,"2025-01-15, 07:20","2025-01-15, 09:00","80ml, formula",,,80
Feeding,Bottle,"2025-01-15, 04:05","2025-01-15, 04:40","70ml, formula",,,70
Feeding,Bottle,"2025-01-15, 01:30","2025-01-15, 01:50","40ml, formula",,,40
Feeding,Bottle,"2025-01-14, 21:00","2025-01-14, 21:40","120ml, formula",,,120
Feeding,Bottle,"2025-01-14, 17:20","2025-01-14, 18:50","70ml, formula",,,70
Feeding,Bottle,"2025-01-14, 15:15","2025-01-14, 15:30","70ml, formula",,,70
Feeding,Bottle,"2025-01-14, 12:20","2025-01-14, 12:45","70ml, formula",,,70
Feeding,Bottle,"2025-01-14, 09:55","2025-01-14, 10:20","50ml, formula",,,50
Feeding,Bottle,"2025-01-14, 06:45","2025-01-14, 07:15","50ml, formula",,,50
Feeding,Bottle,"2025-01-14, 04:30","2025-01-14, 04:50","20ml, formula",,,20
Feeding,Bottle,"2025-01-14, 02:00","2025-01-14, 02:25","50ml, formula",,,50
Feeding,Bottle,"2025-01-13, 21:15","2025-01-13, 22:00","70ml, formula",,,70
Feeding,Bottle,"2025-01-13, 19:05","2025-01-13, 19:30","55ml, formula",,,55
Feeding,Bottle,"2025-01-13, 16:45","2025-01-13, 17:15","70ml, formula",,,70
Feeding,Bottle,"2025-01-13, 14:30","2025-01-13, 14:50","70ml, formula",,,70
Feeding,Bottle,"2025-01-13, 11:50","2025-01-13, 12:10","70ml, formula",,,70
Feeding,Bottle,"2025-01-13, 09:45","2025-01-13, 10:00","65ml, formula",,,65
Feeding,Bottle,"2025-01-13, 06:15","2025-01-13, 06:40","60ml, formula",,,60
Feeding,Bottle,"2025-01-13, 03:05","2025-01-13, 03:21","60ml, formula",,,60
Feeding,Bottle,"2025-01-13, 00:15","2025-01-13, 00:30","25ml, formula",,,25
Feeding,Bottle,"2025-01-12, 22:25","2025-01-12, 22:40","10ml, formula",,,10
Feeding,Bottle,"2025-01-12, 20:30","2025-01-12, 21:00","70ml, formula",,,70
Feeding,Bottle,"2025-01-12, 17:00","2025-01-12, 17:45","90ml, formula",,,90
Feeding,Bottle,"2025-01-12, 15:00","2025-01-12, 15:30","70ml, formula",,,70
Feeding,Bottle,"2025-01-12, 11:55","2025-01-12, 12:40","65ml, formula",,,65
Feeding,Bottle,"2025-01-12, 08:50","2025-01-12, 09:10","50ml, formula",,,50
Feeding,Bottle,"2025-01-12, 07:25","2025-01-12, 07:40","30ml, formula",,,30
Feeding,Bottle,"2025-01-12, 05:00","2025-01-12, 05:20","40ml, formula",,,40
Feeding,Bottle,"2025-01-12, 01:30","2025-01-12, 02:00","50ml, formula",,,50
Feeding,Bottle,"2025-01-11, 22:00","2025-01-11, 22:40","80ml, formula",,,80
Feeding,Bottle,"2025-01-11, 20:10","2025-01-11, 20:40","55ml, formula",,,55
Feeding,Bottle,"2025-01-11, 17:45","2025-01-11, 18:10","70ml, formula",,,70
Feeding,Bottle,"2025-01-11, 15:00","2025-01-11, 15:30","70ml, formula",,,70
Feeding,Bottle,"2025-01-11, 12:30","2025-01-11, 12:55","50ml, formula",,,50
Feeding,Bottle,"2025-01-11, 10:15","2025-01-11, 10:30","75ml, formula",,,75
Feeding,Bottle,"2025-01-11, 07:00","2025-01-11, 07:30","55ml, formula",,,55
Feeding,Bottle,"2025-01-11, 03:30","2025-01-11, 03:45","70ml, formula",,,70
Feeding,Bottle,"2025-01-11, 00:00","2025-01-11, 00:15","30ml, formula",,,30
Feeding,Bottle,"2025-01-10, 21:15","2025-01-10, 21:30","45ml, formula",,,45
Feeding,Bottle,"2025-01-10, 18:45","2025-01-10, 18:55","25ml, formula",,,25
Feeding,Bottle,"2025-01-10, 17:30","2025-01-10, 18:00","90ml, formula",,,90
Feeding,Bottle,"2025-01-10, 15:10","2025-01-10, 15:45","60ml, formula",,,60
Feeding,Bottle,"2025-01-10, 12:30","2025-01-10, 12:45","60ml, formula",,,60
Feeding,Bottle,"2025-01-10, 10:05","2025-01-10, 10:25","55ml, formula",,,55
Feeding,Bottle,"2025-01-10, 06:40","2025-01-10, 07:00","50ml, formula",,,50
Feeding,Bottle,"2025-01-10, 03:00","2025-01-10, 03:30","50ml, formula",,,50
Feeding,Bottle,"2025-01-09, 23:45","2025-01-10, 00:00","25ml, formula",,,25
Feeding,Bottle,"2025-01-09, 20:30","2025-01-09, 21:00","60ml, formula",,,60
Feeding,Bottle,"2025-01-09, 17:30","2025-01-09, 17:50","70ml, formula",,,70
Feeding,Bottle,"2025-01-09, 15:45","2025-01-09, 16:00","30ml, formula",,,30
Feeding,Bottle,"2025-01-09, 14:30","2025-01-09, 14:45","35ml, formula",,,35
Feeding,Bottle,"2025-01-09, 11:40","2025-01-09, 12:00","60ml, formula",,,60
Feeding,Bottle,"2025-01-09, 07:50","2025-01-09, 08:20","60ml, formula",,,60
Feeding,Bottle,"2025-01-09, 03:50","2025-01-09, 04:05","45ml, formula",,,45
Feeding,Bottle,"2025-01-09, 00:50","2025-01-09, 01:00","30ml, formula",,,30
Feeding,Bottle,"2025-01-08, 22:15","2025-01-08, 22:35","40ml, formula",,,40
Feeding,Bottle,"2025-01-08, 19:50","2025-01-08, 20:10","60ml, formula",,,60
Feeding,Bottle,"2025-01-08, 18:00","2025-01-08, 18:30","60ml, formula",,,60
Feeding,Bottle,"2025-01-08, 14:15","2025-01-08, 14:30","60ml, formula",,,60
Feeding,Bottle,"2025-01-08, 11:15","2025-01-08, 11:30","70ml, formula",,,70
Feeding,Bottle,"2025-01-08, 08:30","2025-01-08, 08:45","50ml, formula",,,50
Feeding,Bottle,"2025-01-08, 05:15","2025-01-08, 05:30","50ml, formula",,,50
Feeding,Bottle,"2025-01-08, 01:30","2025-01-08, 02:00","60ml, formula",,,60
Feeding,Bottle,"2025-01-07, 22:50","2025-01-07, 23:00","25ml, formula",,,25
Feeding,Bottle,"2025-01-07, 21:30","2025-01-07, 22:00","60ml, formula",,,60
Feeding,Bottle,"2025-01-07, 19:45","2025-01-07, 20:00","30ml, formula",,,30
Feeding,Bottle,"2025-01-07, 17:15","2025-01-07, 17:30","40ml, formula",,,40
Feeding,Bottle,"2025-01-07, 16:00","2025-01-07, 16:10","40ml, formula",,,40
Feeding,Bottle,"2025-01-07, 13:15","2025-01-07, 13:30","50ml, formula",,,50
Feeding,Bottle,"2025-01-07, 09:15","2025-01-07, 09:30","70ml, formula",,,70
Feeding,Bottle,"2025-01-07, 06:30","2025-01-07, 06:45","60ml, formula",,,60
Feeding,Bottle,"2025-01-07, 03:15","2025-01-07, 03:30","30ml, formula",,,30
Feeding,Bottle,"2025-01-07, 00:00","2025-01-07, 00:15","50ml, formula",,,50
Feeding,Bottle,"2025-01-06, 21:00","2025-01-06, 21:30","80ml, formula",,,80
Feeding,Bottle,"2025-01-06, 18:30","2025-01-06, 18:45","75ml, formula",,,75
Feeding,Bottle,"2025-01-06, 15:10","2025-01-06, 15:25","60ml, formula",,,60
Feeding,Bottle,"2025-01-06, 12:40","2025-01-06, 12:50","50ml, formula",,,50
Feeding,Bottle,"2025-01-06, 10:00","2025-01-06, 10:15","50ml, formula",,,50
Feeding,Bottle,"2025-01-06, 07:30","2025-01-06, 07:45","40ml, formula",,,40
Feeding,Bottle,"2025-01-06, 05:25","2025-01-06, 05:40","25ml, formula",,,25
Feeding,Bottle,"2025-01-06, 02:10","2025-01-06, 02:25","50ml, formula",,,50
Feeding,Bottle,"2025-01-05, 22:45","2025-01-05, 23:00","30ml, formula",,,30
Feeding,Bottle,"2025-01-05, 20:20","2025-01-05, 20:40","90ml, formula",,,90
Feeding,Bottle,"2025-01-05, 17:30","2025-01-05, 17:45","50ml, formula",,,50
Feeding,Bottle,"2025-01-05, 14:30","2025-01-05, 15:00","75ml, formula",,,75
Feeding,Bottle,"2025-01-05, 11:30","2025-01-05, 12:00","75ml, formula",,,75
Feeding,Bottle,"2025-01-05, 08:00","2025-01-05, 08:40","110ml, formula",,,110
Feeding,Bottle,"2025-01-05, 05:15","2025-01-05, 05:30","30ml, formula",,,30
Feeding,Bottle,"2025-01-05, 02:15","2025-01-05, 02:30","30ml, formula",,,30
Feeding,Bottle,"2025-01-04, 22:30","2025-01-04, 23:00","85ml, formula",,,85
Feeding,Bottle,"2025-01-04, 20:30","2025-01-04, 20:45","110ml, formula",,,110
Feeding,Bottle,"2025-01-04, 17:30","2025-01-04, 17:45","70ml, formula",,,70
Feeding,Bottle,"2025-01-04, 14:30","2025-01-04, 14:45","40ml, formula",,,40
Feeding,Bottle,"2025-01-04, 12:00","2025-01-04, 12:15","50ml, formula",,,50
Feeding,Bottle,"2025-01-04, 09:00","2025-01-04, 09:15","70ml, formula",,,70
Feeding,Bottle,"2025-01-04, 06:00","2025-01-04, 06:15","70ml, formula",,,70
Feeding,Bottle,"2025-01-04, 03:00","2025-01-04, 03:15","55ml, formula",,,55
Feeding,Bottle,"2025-01-04, 00:00","2025-01-04, 00:15","60ml, formula",,,60
Feeding,Bottle,"2025-01-03, 20:50","2025-01-03, 21:05","70ml, formula",,,70
Feeding,Right breast,"2025-01-03, 20:40","2025-01-03, 20:50",,,,
Feeding,Left breast,"2025-01-03, 20:30","2025-01-03, 20:40",,,,
Feeding,Bottle,"2025-01-03, 17:30","2025-01-03, 17:45","70ml, formula",,,70
Feeding,Bottle,"2025-01-03, 16:15","2025-01-03, 16:30","50ml, formula",,,50
Feeding,Bottle,"2025-01-03, 13:30","2025-01-03, 13:45","50ml, formula",,,50
Feeding,Bottle,"2025-01-03, 12:15","2025-01-03, 12:30","70ml, formula",,,70
Feeding,Bottle,"2025-01-03, 08:15","2025-01-03, 08:30","60ml, formula",,,60
Feeding,Bottle,"2025-01-03, 04:15","2025-01-03, 04:30","70ml, formula",,,70
Feeding,Bottle,"2025-01-03, 00:15","2025-01-03, 00:30","70ml, formula",,,70
Feeding,Left breast,"2025-01-03, 00:00","2025-01-03, 00:10",,,,
Feeding,Bottle,"2025-01-02, 22:00","2025-01-02, 22:15","35ml, formula",,,35
Feeding,Bottle,"2025-01-02, 20:00","2025-01-02, 20:15","70ml, formula",,,70
Feeding,Bottle,"2025-01-02, 16:00","2025-01-02, 16:15","70ml, formula",,,70
Feeding,Bottle,"2025-01-02, 13:00","2025-01-02, 13:15","70ml, formula",,,70
Feeding,Bottle,"2025-01-02, 09:00","2025-01-02, 09:15","60ml, formula",,,60
Feeding,Right breast,"2025-01-02, 08:50","2025-01-02, 09:00",,,,
Feeding,Bottle,"2025-01-02, 05:15","2025-01-02, 05:30","70ml, formula",,,70
Feeding,Bottle,"2025-01-02, 01:30","2025-01-02, 01:45","60ml, formula",,,60
Feeding,Bottle,"2025-01-01, 22:15","2025-01-01, 22:30","55ml, formula",,,55
Feeding,Bottle,"2025-01-01, 20:30","2025-01-01, 20:45","45ml, formula",,,45
Feeding,Bottle,"2025-01-01, 17:00","2025-01-01, 17:15","55ml, formula",,,55
Feeding,Right breast,"2025-01-01, 16:45","2025-01-01, 16:55",,,,
Feeding,Bottle,"2025-01-01, 15:00","2025-01-01, 15:15","45ml, formula",,,45
Feeding,Left breast,"2025-01-01, 14:45","2025-01-01, 14:55",,,,
Feeding,Bottle,"2025-01-01, 11:00","2025-01-01, 11:15","45ml, formula",,,45
Feeding,Bottle,"2025-01-01, 07:45","2025-01-01, 08:00","45ml, formula",,,45
Feeding,Bottle,"2025-01-01, 04:15","2025-01-01, 04:30","35ml, formula",,,35
Feeding,Bottle,"2025-01-01, 01:00","2025-01-01, 01:15","40ml, formula",,,40